{
  "meta": {
    "N": 130816,
    "k_list": [
      8,
      9,
      10,
      11,
      12,
      13,
      14,
      15,
      16
    ]
  },
  "ro_band": {
    "8": {
      "mean": 254.09636007827785,
      "std": 22.70423094728646,
      "q025": 213.13140900195694,
      "q975": 301.5179060665363
    },
    "9": {
      "mean": 511.3117025440313,
      "std": 31.791648158011014,
      "q025": 456.6636007827789,
      "q975": 575.9508806262231
    },
    "10": {
      "mean": 1024.9576516634052,
      "std": 41.7131189080697,
      "q025": 949.850880626223,
      "q975": 1104.2234833659493
    },
    "11": {
      "mean": 2052.5956947162426,
      "std": 66.79178867166765,
      "q025": 1935.1577299412916,
      "q975": 2198.6747553816044
    },
    "12": {
      "mean": 4090.40469667319,
      "std": 86.92464122962956,
      "q025": 3938.6583170254403,
      "q975": 4286.498630136986
    },
    "13": {
      "mean": 8175.580430528376,
      "std": 116.82289080992827,
      "q025": 7975.0199608610565,
      "q975": 8398.014872798434
    },
    "14": {
      "mean": 16372.114285714284,
      "std": 169.29689624672284,
      "q025": 16077.902152641878,
      "q975": 16718.96046966732
    },
    "15": {
      "mean": 32778.7860665362,
      "std": 250.26559940705982,
      "q025": 32310.018003913894,
      "q975": 33245.74559686889
    },
    "16": {
      "mean": 65536.93181996087,
      "std": 374.1770429657664,
      "q025": 64776.99256360078,
      "q975": 66281.55616438357
    }
  },
  "variants": {
    "V0_vanilla | K_vanilla": {
      "chi2": {
        "8": 226.83365949119374,
        "9": 474.62230919765165,
        "10": 946.5518590998043,
        "11": 1946.4579256360078,
        "12": 3871.5616438356165,
        "13": 8052.602739726028,
        "14": 16402.786692759295,
        "15": 32698.86497064579,
        "16": 65052.55577299413
      },
      "z": {
        "8": -1.2007762187753144,
        "9": -1.1540576054448584,
        "10": -1.879643493846552,
        "11": -1.5890840953815835,
        "12": -2.51761813154286,
        "13": -1.0526848800757234,
        "14": 0.18117524730229456,
        "15": -0.3193451120719904,
        "16": -1.294510328927516
      },
      "time": 1.4844930171966553
    },
    "V1_no_Sigma_compr | K_vanilla": {
      "chi2": {
        "8": 208.1409001956947,
        "9": 478.8023483365949,
        "10": 1047.7495107632094,
        "11": 2076.8375733855187,
        "12": 4023.545988258317,
        "13": 8102.951076320939,
        "14": 16438.60665362035,
        "15": 32868.19569471624,
        "16": 65691.80430528376
      },
      "z": {
        "8": -2.024092337207114,
        "9": -1.0225753017225854,
        "10": 0.546395467335697,
        "11": 0.3629469902122743,
        "12": -0.7691571396682768,
        "13": -0.6217048191831321,
        "14": 0.39275597710406207,
        "15": 0.35725896164662957,
        "16": 0.4139016228664292
      },
      "time": 1.33449387550354
    },
    "V2_no_sigma_sched | K_vanilla": {
      "chi2": {
        "8": 227.2133072407045,
        "9": 473.38551859099806,
        "10": 1042.849315068493,
        "11": 2006.7318982387476,
        "12": 4064.0626223091976,
        "13": 8250.238747553816,
        "14": 16108.712328767124,
        "15": 32570.11350293542,
        "16": 65551.53033268102
      },
      "z": {
        "8": -1.1840547649461932,
        "9": -1.1929606091679268,
        "10": 0.4289217366967647,
        "11": -0.6866681876562765,
        "12": -0.3030449593045097,
        "13": 0.6390726723832701,
        "14": -1.555858156804567,
        "15": -0.8338044225621872,
        "16": 0.039014987676548075
      },
      "time": 0.6367132663726807
    },
    "V3_no_both_diffusion | K_vanilla": {
      "chi2": {
        "8": 2592.6497064579257,
        "9": 5183.8590998043055,
        "10": 11484.602739726028,
        "11": 22436.25831702544,
        "12": 47496.0156555773,
        "13": 99553.69080234834,
        "14": 201167.40508806263,
        "15": 406064.59491193737,
        "16": 811222.9197651664
      },
      "z": {
        "8": 103.0007733716761,
        "9": 146.97405350099356,
        "10": 250.75193037265618,
        "11": 305.18216427037726,
        "12": 499.3475997702325,
        "13": 782.1935387688089,
        "14": 1091.5456508608352,
        "15": 1491.5586070550894,
        "16": 1992.869423615143
      },
      "time": 0.54612135887146
    },
    "V5_linear_chmaj | K_vanilla": {
      "chi2": {
        "8": 233.56164383561645,
        "9": 454.99021526418784,
        "10": 952.6575342465753,
        "11": 1956.4148727984345,
        "12": 4020.101761252446,
        "13": 8138.771037181996,
        "14": 16355.945205479453,
        "15": 32798.55968688845,
        "16": 65674.771037182
      },
      "z": {
        "8": -0.9044444751437682,
        "9": -1.7715812341629502,
        "10": -1.73327047483958,
        "11": -1.4400096753002058,
        "12": -0.8087802771025988,
        "13": -0.3150871639212367,
        "14": -0.09550724551540142,
        "15": 0.07901054079785395,
        "16": 0.3683796743076579
      },
      "time": 1.3916738033294678
    },
    "V7_almost_linear | K_vanilla": {
      "chi2": {
        "8": 1982.1135029354207,
        "9": 3922.645792563601,
        "10": 9394.6614481409,
        "11": 21741.088062622308,
        "12": 45328.53228962818,
        "13": 85327.15459882583,
        "14": 178891.64774951077,
        "15": 364205.83953033265,
        "16": 736831.6242661448
      },
      "z": {
        "8": 76.10991743649744,
        "9": 107.30283856516465,
        "10": 200.64919659743578,
        "11": 294.7741445387839,
        "12": 474.4123991724726,
        "13": 660.4148693240578,
        "14": 959.9675898780245,
        "15": 1324.301279316965,
        "16": 1794.0563299272237
      },
      "time": 0.5250334739685059
    },
    "V0_vanilla | K_zero": {
      "chi2": {
        "8": 241.26418786692759,
        "9": 475.0058708414873,
        "10": 1005.651663405088,
        "11": 1959.7964774951076,
        "12": 3990.9197651663403,
        "13": 8156.054794520548,
        "14": 16482.44227005871,
        "15": 33048.0469667319,
        "16": 65554.53620352251
      },
      "z": {
        "8": -0.5651885871467464,
        "9": -1.1419927498598543,
        "10": -0.4628277329457199,
        "11": -1.3893806269706837,
        "12": -1.1444963142734101,
        "13": -0.16713878480884953,
        "14": 0.6516834436447081,
        "15": 1.075900566572633,
        "16": 0.047048272716331246
      },
      "time": 1.4050424098968506
    },
    "V0_vanilla | K_golden": {
      "chi2": {
        "8": 222.46575342465752,
        "9": 469.4246575342466,
        "10": 957.2133072407045,
        "11": 1971.569471624266,
        "12": 4057.174168297456,
        "13": 8175.592954990215,
        "14": 16353.690802348337,
        "15": 32551.577299412915,
        "16": 65085.62035225049
      },
      "z": {
        "8": -1.393159130871188,
        "9": -1.31754870969877,
        "10": -1.6240536837343769,
        "11": -1.2131165327864177,
        "12": -0.3822912341731537,
        "13": 0.0001072089703619471,
        "14": -0.10882351522320496,
        "15": -0.9078705489751706,
        "16": -1.206144193489901
      },
      "time": 1.403899908065796
    },
    "V7_almost_linear | K_zero": {
      "chi2": {
        "8": 1711.3776908023483,
        "9": 4770.465753424657,
        "10": 12613.60469667319,
        "11": 27223.639921722115,
        "12": 54044.117416829744,
        "13": 112830.74755381605,
        "14": 219740.43052837573,
        "15": 450648.67318982386,
        "16": 889629.0567514678
      },
      "z": {
        "8": 64.18545222287038,
        "9": 133.97084761732881,
        "10": 277.817802848779,
        "11": 376.8583642929622,
        "12": 574.6783882396869,
        "13": 895.8446961697124,
        "14": 1201.2524786413392,
        "15": 1669.7056571631229,