{
  "biased_p01": {
    "sha256": {
      "H_inf_mean": 7.421836915171958,
      "H_inf_sd": 0.020005179798230396,
      "d_TV_mean": 0.3889188766479492,
      "d_TV_sd": 0.0001598576317200952,
      "max_count_mean": 6115.625,
      "reps": 8,
      "n": 1048576,
      "k": 20
    },
    "sha512": {
      "H_inf_mean": 7.415519340167136,
      "H_inf_sd": 0.015237457534183388,
      "d_TV_mean": 0.3889646530151367,
      "d_TV_sd": 0.0005038694340574715,
      "max_count_mean": 6142.25,
      "reps": 8,
      "n": 1048576,
      "k": 20
    },
    "blake2b": {
      "H_inf_mean": 7.429814070798058,
      "H_inf_sd": 0.013482369874266544,
      "d_TV_mean": 0.389015793800354,
      "d_TV_sd": 0.00033805796862279873,
      "max_count_mean": 6081.625,
      "reps": 8,
      "n": 1048576,
      "k": 20
    }
  },
  "low_hw_w2": {
    "sha256": {
      "H_inf_mean": 14.567953217644096,
      "H_inf_sd": 0.09064037742080952,
      "d_TV_mean": 0.8827831745147705,
      "d_TV_sd": 4.935733504359872e-06,
      "max_count_mean": 43.25,
      "reps": 8,
      "n": 1048576,
      "k": 20
    },
    "sha512": {
      "H_inf_mean": 14.63959102576695,
      "H_inf_sd": 0.07108728673932399,
      "d_TV_mean": 0.8825896978378296,
      "d_TV_sd": 4.914298782881919e-06,
      "max_count_mean": 41.125,
      "reps": 8,
      "n": 1048576,
      "k": 20
    },
    "blake2b": {
      "H_inf_mean": 14.64032999067899,
      "H_inf_sd": 0.08647889024880268,
      "d_TV_mean": 0.8827860355377197,
      "d_TV_sd": 3.6670872371386857e-06,
      "max_count_mean": 41.125,
      "reps": 8,
      "n": 1048576,
      "k": 20
    }
  },
  "coset_18": {
    "sha256": {
      "H_inf_mean": 15.194027855944139,
      "H_inf_sd": 0.06756433271587821,
      "d_TV_mean": 0.7823629379272461,
      "d_TV_sd": 0.00013825317592178438,
      "max_count_mean": 28.0,
      "reps": 8,
      "n": 1048576,
      "k": 20
    },
    "sha512": {
      "H_inf_mean": 15.071844985218323,
      "H_inf_sd": 0.09286200000962239,
      "d_TV_mean": 0.7823634147644043,
      "d_TV_sd": 0.00011626671785281277,
      "max_count_mean": 30.5,
      "reps": 8,
      "n": 1048576,
      "k": 20
    },
    "blake2b": {
      "H_inf_mean": 15.221171701709716,
      "H_inf_sd": 0.0905644910536749,
      "d_TV_mean": 0.7823514938354492,
      "d_TV_sd": 0.00010208452453013282,
      "max_count_mean": 27.5,
      "reps": 8,
      "n": 1048576,
      "k": 20
    }
  },
  "coset_12": {
    "sha256": {
      "H_inf_mean": 10.907537878650906,
      "H_inf_sd": 0.04527455474806301,
      "d_TV_mean": 0.9961016178131104,
      "d_TV_sd": 2.322068970415839e-06,
      "max_count_mean": 546.125,
      "reps": 8,
      "n": 1048576,
      "k": 20
    },
    "sha512": {
      "H_inf_mean": 10.917809462868906,
      "H_inf_sd": 0.04549531459941312,
      "d_TV_mean": 0.9961023330688477,
      "d_TV_sd": 2.745143574252794e-06,
      "max_count_mean": 542.25,
      "reps": 8,
      "n": 1048576,
      "k": 20
    },
    "blake2b": {
      "H_inf_mean": 10.892997515415093,
      "H_inf_sd": 0.0265815587809762,
      "d_TV_mean": 0.9961020946502686,
      "d_TV_sd": 2.826757965257703e-06,
      "max_count_mean": 551.5,
      "reps": 8,
      "n": 1048576,
      "k": 20
    }
  },
  "uniform": {
    "sha256": {
      "H_inf_mean": 16.89603711259821,
      "H_inf_sd": 0.12176966603737797,
      "d_TV_mean": 0.3679370880126953,
      "d_TV_sd": 0.0003260267249215766,
      "max_count_mean": 8.625,
      "reps": 8,
      "n": 1048576,
      "k": 20
    },
    "sha512": {
      "H_inf_mean": 16.872556248918265,
      "H_inf_sd": 0.0786599908945862,
      "d_TV_mean": 0.3677060604095459,
      "d_TV_sd": 0.0002215369220794169,
      "max_count_mean": 8.75,
      "reps": 8,
      "n": 1048576,
      "k": 20
    },
    "blake2b": {
      "H_inf_mean": 16.874796487417925,
      "H_inf_sd": 0.11571415905174282,
      "d_TV_mean": 0.3679882287979126,
      "d_TV_sd": 0.00032912560087616826,
      "max_count_mean": 8.75,
      "reps": 8,
      "n": 1048576,
      "k": 20
    }
  }
}