{
  "meta": {
    "N": 130816,
    "k_list": [
      8,
      9,
      10,
      11,
      12,
      13,
      14,
      15,
      16
    ],
    "R": 200,
    "seed": 4200013290
  },
  "z_table": {
    "sha256": {
      "8": {
        "chi2": 226.83365949119374,
        "z": -1.2007762187753144,
        "ro_mean": 254.09636007827785,
        "ro_std": 22.70423094728646
      },
      "9": {
        "chi2": 474.62230919765165,
        "z": -1.1540576054448584,
        "ro_mean": 511.3117025440313,
        "ro_std": 31.791648158011014
      },
      "10": {
        "chi2": 946.5518590998043,
        "z": -1.879643493846552,
        "ro_mean": 1024.9576516634052,
        "ro_std": 41.7131189080697
      },
      "11": {
        "chi2": 1946.4579256360078,
        "z": -1.5890840953815835,
        "ro_mean": 2052.5956947162426,
        "ro_std": 66.79178867166765
      },
      "12": {
        "chi2": 3871.5616438356165,
        "z": -2.51761813154286,
        "ro_mean": 4090.40469667319,
        "ro_std": 86.92464122962956
      },
      "13": {
        "chi2": 8052.602739726028,
        "z": -1.0526848800757234,
        "ro_mean": 8175.580430528376,
        "ro_std": 116.82289080992827
      },
      "14": {
        "chi2": 16402.786692759295,
        "z": 0.18117524730229456,
        "ro_mean": 16372.114285714284,
        "ro_std": 169.29689624672284
      },
      "15": {
        "chi2": 32698.86497064579,
        "z": -0.3193451120719904,
        "ro_mean": 32778.7860665362,
        "ro_std": 250.26559940705982
      },
      "16": {
        "chi2": 65052.55577299413,
        "z": -1.294510328927516,
        "ro_mean": 65536.93181996087,
        "ro_std": 374.1770429657664
      }
    },
    "sha512": {
      "8": {
        "chi2": 244.86497064579257,
        "z": -0.40659335495301563,
        "ro_mean": 254.09636007827785,
        "ro_std": 22.70423094728646
      },
      "9": {
        "chi2": 482.0587084148728,
        "z": -0.9201471400213382,
        "ro_mean": 511.3117025440313,
        "ro_std": 31.791648158011014
      },
      "10": {
        "chi2": 897.9882583170254,
        "z": -3.0438719681020214,
        "ro_mean": 1024.9576516634052,
        "ro_std": 41.7131189080697
      },
      "11": {
        "chi2": 1903.4363992172212,
        "z": -2.2331980991294107,
        "ro_mean": 2052.5956947162426,
        "ro_std": 66.79178867166765
      },
      "12": {
        "chi2": 3939.381604696673,
        "z": -1.7374025344270076,
        "ro_mean": 4090.40469667319,
        "ro_std": 86.92464122962956
      },
      "13": {
        "chi2": 7968.688845401174,
        "z": -1.7709849815633858,
        "ro_mean": 8175.580430528376,
        "ro_std": 116.82289080992827
      },
      "14": {
        "chi2": 15947.647749510763,
        "z": -2.5072316481510084,
        "ro_mean": 16372.114285714284,
        "ro_std": 169.29689624672284
      },
      "15": {
        "chi2": 32181.85518590998,
        "z": -2.385189502834181,
        "ro_mean": 32778.7860665362,
        "ro_std": 250.26559940705982
      },
      "16": {
        "chi2": 64806.07436399217,
        "z": -1.953239702189755,
        "ro_mean": 65536.93181996087,
        "ro_std": 374.1770429657664
      }
    },
    "sha3_256": {
      "8": {
        "chi2": 249.52250489236792,
        "z": -0.20145386983286423,
        "ro_mean": 254.09636007827785,
        "ro_std": 22.70423094728646
      },
      "9": {
        "chi2": 507.8747553816047,
        "z": -0.10810849268789854,
        "ro_mean": 511.3117025440313,
        "ro_std": 31.791648158011014
      },
      "10": {
        "chi2": 1047.6399217221135,
        "z": 0.5437682593022385,
        "ro_mean": 1024.9576516634052,
        "ro_std": 41.7131189080697
      },
      "11": {
        "chi2": 2065.440313111546,
        "z": 0.19230834584239637,
        "ro_mean": 2052.5956947162426,
        "ro_std": 66.79178867166765
      },
      "12": {
        "chi2": 4026.0508806262233,
        "z": -0.7403403124433101,
        "ro_mean": 4090.40469667319,
        "ro_std": 86.92464122962956
      },
      "13": {
        "chi2": 8122.614481409002,
        "z": -0.4533867357002,
        "ro_mean": 8175.580430528376,
        "ro_std": 116.82289080992827
      },
      "14": {
        "chi2": 16290.818003913895,
        "z": -0.48019948151862585,
        "ro_mean": 16372.114285714284,
        "ro_std": 169.29689624672284
      },
      "15": {
        "chi2": 32801.06457925636,
        "z": 0.08901947679960846,
        "ro_mean": 32778.7860665362,
        "ro_std": 250.26559940705982
      },
      "16": {
        "chi2": 65937.28375733855,
        "z": 1.069953234448721,
        "ro_mean": 65536.93181996087,
        "ro_std": 374.1770429657664
      }
    },
    "blake2b": {
      "8": {
        "chi2": 251.72211350293543,
        "z": -0.1045728692971293,
        "ro_mean": 254.09636007827785,
        "ro_std": 22.70423094728646
      },
      "9": {
        "chi2": 523.1389432485323,
        "z": 0.3720235152866949,
        "ro_mean": 511.3117025440313,
        "ro_std": 31.791648158011014
      },
      "10": {
        "chi2": 1066.8180039138942,
        "z": 1.003529665157474,
        "ro_mean": 1024.9576516634052,
        "ro_std": 41.7131189080697
      },
      "11": {
        "chi2": 2004.8219178082193,
        "z": -0.7152642242127659,
        "ro_mean": 2052.5956947162426,
        "ro_std": 66.79178867166765
      },
      "12": {
        "chi2": 3946.270058708415,
        "z": -1.6581562595583583,
        "ro_mean": 4090.40469667319,
        "ro_std": 86.92464122962956
      },
      "13": {
        "chi2": 8096.563600782779,
        "z": -0.6763813940724898,
        "ro_mean": 8175.580430528376,
        "ro_std": 116.82289080992827
      },
      "14": {
        "chi2": 16311.859099804306,
        "z": -0.355914297579126,
        "ro_mean": 16372.114285714284,
        "ro_std": 169.29689624672284
      },
      "15": {
        "chi2": 32652.27397260274,
        "z": -0.5055113217046244,
        "ro_mean": 32778.7860665362,
        "ro_std": 250.26559940705982
      },
      "16": {
        "chi2": 65589.6046966732,
        "z": 0.14076993151380152,
        "ro_mean": 65536.93181996087,
        "ro_std": 374.1770429657664
      }
    },
    "blake2s": {
      "8": {
        "chi2": 262.2152641878669,
        "z": 0.35759432365003374,
        "ro_mean": 254.09636007827785,
        "ro_std": 22.70423094728646
      },
      "9": {
        "chi2": 530.348336594912,
        "z": 0.5987935559762341,
        "ro_mean": 511.3117025440313,
        "ro_std": 31.791648158011014
      },
      "10": {
        "chi2": 1015.6868884540118,
        "z": -0.2222505401675901,
        "ro_mean": 1024.9576516634052,
        "ro_std": 41.7131189080697
      },
      "11": {
        "chi2": 2012.587084148728,
        "z": -0.5990049280486746,
        "ro_mean": 2052.5956947162426,
        "ro_std": 66.79178867166765
      },
      "12": {
        "chi2": 4065.440313111546,
        "z": -0.2871957043307809,
        "ro_mean": 4090.40469667319,
        "ro_std": 86.92464122962956
      },
      "13": {
        "chi2": 8013.526418786692,
        "z": -1.3871768676341618,
        "ro_mean": 8175.580430528376,
        "ro_std": 116.82289080992827
      },
      "14": {
        "chi2": 16254.998043052838,
        "z": -0.6917802113204041,
        "ro_mean": 16372.114285714284,
        "ro_std": 169.29689624672284
      },
      "15": {
        "chi2": 32505.487279843444,
        "z": -1.0920349714074538,
        "ro_mean": 32778.7860665362,
        "ro_std": 250.26559940705982
      },
      "16": {
        "chi2": 65477.385518591,
        "z": -0.1591393766381228,
        "ro_mean": 65536.93181996087,
        "ro_std": 374.1770429657664
      }
    },
    "md5": {
      "8": {
        "chi2": 306.51272015655576,
        "z": 2.308660451876814,
        "ro_mean": 254.09636007827785,
        "ro_std": 22.70423094728646
      },