{
  "parity_lsb": {
    "corr": 0.9781838546338485,
    "ss": 23,
    "p": 2.9802322387695312e-06
  },
  "mid_bit3": {
    "corr": 0.9778956960142234,
    "ss": 23,
    "p": 2.9802322387695312e-06
  }
}