{
  "meta": {
    "N": 130816,
    "feature": "HW=2 exhaustive"
  },
  "mod_chi2": {
    "H0": {
      "1": {
        "chi2": 2.8258317025440314,
        "df": 1,
        "z": 1.291057978174264
      },
      "2": {
        "chi2": 4.0504525440313115,
        "df": 3,
        "z": 0.42884545531419876
      },
      "4": {
        "chi2": 12.584393346379647,
        "df": 15,
        "z": -0.44102741808247853
      },
      "8": {
        "chi2": 285.42074363992174,
        "df": 255,
        "z": 1.3470531698356938
      },
      "12": {
        "chi2": 4123.115459882583,
        "df": 4095,
        "z": 0.3106728065408206
      }
    },
    "H1": {
      "1": {
        "chi2": 0.9257583170254403,
        "df": 1,
        "z": -0.052496797478013
      },
      "2": {
        "chi2": 2.8108488258317026,
        "df": 3,
        "z": -0.07722064349343984
      },
      "4": {
        "chi2": 9.034246575342465,
        "df": 15,
        "z": -1.0891925743995428
      },
      "8": {
        "chi2": 246.23091976516636,
        "df": 255,
        "z": -0.38830139942320524
      },
      "12": {
        "chi2": 4075.7103718199605,
        "df": 4095,
        "z": -0.21314831586781555
      }
    },
    "H2": {
      "1": {
        "chi2": 0.03962818003913894,
        "df": 1,
        "z": -0.679085426354791
      },
      "2": {
        "chi2": 1.8574486301369864,
        "df": 3,
        "z": -0.4664446435137202
      },
      "4": {
        "chi2": 12.61179060665362,
        "df": 15,
        "z": -0.4360253855938467
      },
      "8": {
        "chi2": 266.65362035225047,
        "df": 255,
        "z": 0.5160309827193013
      },
      "12": {
        "chi2": 4131.882583170254,
        "df": 4095,
        "z": 0.407548575546377
      }
    },
    "H3": {
      "1": {
        "chi2": 0.4330051369863014,
        "df": 1,
        "z": -0.4009259125349238
      },
      "2": {
        "chi2": 1.2887108610567515,
        "df": 3,
        "z": -0.6986308654629574
      },
      "4": {
        "chi2": 14.293052837573384,
        "df": 15,
        "z": -0.12907030260844202
      },
      "8": {
        "chi2": 214.34833659491196,
        "df": 255,
        "z": -1.8000859116755765
      },
      "12": {
        "chi2": 4113.534246575342,
        "df": 4095,
        "z": 0.20480143041330953
      }
    },
    "H4": {
      "1": {
        "chi2": 1.37426614481409,
        "df": 1,
        "z": 0.26464612896658946
      },
      "2": {
        "chi2": 4.535775440313111,
        "df": 3,
        "z": 0.6269776980442143
      },
      "4": {
        "chi2": 8.222358121330725,
        "df": 15,
        "z": -1.237422447879618
      },
      "8": {
        "chi2": 257.5303326810176,
        "df": 255,
        "z": 0.11204501438388936
      },
      "12": {
        "chi2": 4142.40313111546,
        "df": 4095,
        "z": 0.5237994983530548
      }
    },
    "H5": {
      "1": {
        "chi2": 1.0017429060665362,
        "df": 1,
        "z": 0.0012324206986188864
      },
      "2": {
        "chi2": 2.401235322896282,
        "df": 3,
        "z": -0.24444465581773986
      },
      "4": {
        "chi2": 10.978962818003914,
        "df": 15,
        "z": -0.7341375897154206
      },
      "8": {
        "chi2": 236.32876712328766,
        "df": 255,
        "z": -0.8267760883501031
      },
      "12": {
        "chi2": 4076.649706457926,
        "df": 4095,
        "z": -0.20276876918863876
      }
    },
    "H6": {
      "1": {
        "chi2": 0.022290851272015657,
        "df": 1,
        "z": -0.6913447690936844
      },
      "2": {
        "chi2": 2.5641511741682974,
        "df": 3,
        "z": -0.17793453804647458
      },
      "4": {
        "chi2": 14.745352250489237,
        "df": 15,
        "z": -0.04649210554165669
      },
      "8": {
        "chi2": 276.1682974559687,
        "df": 255,
        "z": 0.9373479664273199
      },
      "12": {
        "chi2": 4020.164383561644,
        "df": 4095,
        "z": -0.826925509495887
      }
    },
    "H7": {
      "1": {
        "chi2": 0.17661448140900196,
        "df": 1,
        "z": -0.5822214837264967
      },
      "2": {
        "chi2": 0.8327421722113503,
        "df": 3,
        "z": -0.8847793031891417
      },
      "4": {
        "chi2": 8.058463796477497,
        "df": 15,
        "z": -1.2673453208026821
      },
      "8": {
        "chi2": 234.692759295499,
        "df": 255,
        "z": -0.8992197326075908
      },
      "12": {
        "chi2": 3974.8884540117415,
        "df": 4095,
        "z": -1.3272196594317451
      }
    }
  },
  "twoadic": {
    "H0": {
      "bins": [
        65712,
        32684,
        16090,
        8060,
        4246,
        2032,
        970,
        1992
      ],
      "chi2": 577.7688356164383,
      "z": 165.0554455786948
    },
    "H1": {
      "bins": [
        65582,
        32452,
        16383,
        8229,
        4189,
        2018,
        977,
        1963
      ],
      "chi2": 562.6237769080235,
      "z": 160.6834437175968
    },
    "H2": {
      "bins": [
        65444,
        32745,
        16363,
        8180,
        4007,
        1956,
        1073,
        2121
      ],
      "chi2": 466.746667074364,
      "z": 133.00610613180348
    },
    "H3": {
      "bins": [
        65527,
        32665,
        16440,
        8068,
        4125,
        2062,
        943,
        1929
      ],
      "chi2": 595.7099284491194,
      "z": 170.23459296694702
    },
    "H4": {
      "bins": [
        65196,
        33034,
        16396,
        8062,
        4092,
        2026,
        1029,
        2010
      ],
      "chi2": 509.9113258317025,
      "z": 145.46666980831733
    },
    "H5": {
      "bins": [
        65227,
        32911,
        16313,
        8255,
        4037,
        2016,
        1008,
        2057
      ],
      "chi2": 528.7831305039139,
      "z": 150.91449056211496
    },
    "H6": {
      "bins": [
        65381,
        32764,
        16346,
        8225,
        4056,
        1987,
        995,
        2057
      ],
      "chi2": 540.6137628424658,
      "z": 154.3296999447882
    },
    "H7": {
      "bins": [
        65484,
        32639,
        16451,
        8084,
        4123,
        2040,
        1036,
        1995
      ],
      "chi2": 499.25547333659495,
      "z": 142.3905901550697
    }
  },
  "fourier": {
    "H0": {
      "1": {
        "mag": 0.0006183187397652393,
        "z": 0.22363657986343063
      },
      "2": {
        "mag": 0.0019463111376123712,
        "z": 0.7039514382678969
      },
      "4": {
        "mag": 0.0017025555870225206,
        "z": 0.6157887251705406
      },
      "16": {
        "mag": 0.0019109684365013178,
        "z": 0.6911685153330164
      },
      "256": {
        "mag": 0.001360840823614701,
        "z": 0.4921956394969915
      },
      "4096": {
        "mag": 0.0032798746967236496,
        "z": 1.1862813018320875
      },
      "65536": {
        "mag": 0.00448128981242376,
        "z": 1.6208150628069076
      }
    },
    "H1": {
      "1": {
        "mag": 0.0023869259258696082,
        "z": 0.8633151740662175
      },
      "2": {
        "mag": 0.000366415432227704,
        "z": 0.13252694573626622
      },
      "4": {
        "mag": 0.0013154211275536413,
        "z": 0.47576801919004674
      },
      "16": {
        "mag": 0.0016433638274231473,
        "z": 0.5943799568095361
      },
      "256": {
        "mag": 0.002450772314929435,
        "z": 0.886407451831227
      },
      "4096": {
        "mag": 0.0017201355003942864,
        "z": 0.6221471151851304
      },
      "65536": {
        "mag": 0.0028576522539459828,
        "z": 1.0335698005112135
      }
    },
    "H2": {
      "1": {
        "mag": 0.0009839945990594658,
        "z": 0.35589603320335567
      },
      "2": {
        "mag": 0.004062770741151736,
        "z": 1.4694430152082354
      },
      "4": {
        "mag": 0.0002737458854811142,