{
  "top32_state1": [
    55,
    117,
    205,
    109,
    94,
    244,
    125,
    56,
    61,
    60,
    157,
    95,
    202,
    5,
    46,
    135,
    90,
    8,
    29,
    234,
    177,
    132,
    235,
    26,
    150,
    195,
    175,
    102,
    68,
    105,
    155,
    198
  ],
  "top_out": [
    10,
    210,
    38,
    34,
    44,
    109,
    5,
    51,
    205,
    239,
    162,
    83,
    145,
    2,
    126,
    35
  ],
  "omega_k": {
    "1": {
      "omega": -0.3688757836745048,
      "same_sign": 9,
      "n_bits": 16,
      "direct_z": [
        0.33178046640285663,
        -0.18800893096161875,
        0.00552967444004761,
        -0.2598946986822377,
        -0.35389916416304706,
        0.3373101408429042,
        0.24330567536209488,
        0.22118697760190442,
        -0.18247925652157115,
        -0.11612316324099982,
        -0.11059348880095221,
        0.07741544216066655,
        0.07188576772061894,
        -0.03317804664028566,
        -0.02211869776019044,
        0.0
      ],
      "chain_z": [
        0.0007512335964142471,
        0.000355242355630505,
        -0.00048323781646453256,
        0.0010043501153951444,
        0.0019430962165186872,
        -0.0005939868611756134,
        -0.0007870790887482154,
        0.00013492784378540832,
        -0.00032446933862681525,
        -0.000925895830286837,
        -8.538666805968816e-05,
        8.843015325785541e-05,
        0.0008330695317427402,
        -0.0005674409069471558,
        -0.00022318891453225437,
        0.0003464500650580224
      ],
      "z_in_max": 0.3373101408429042
    },
    "2": {
      "omega": -0.0921222457141116,
      "same_sign": 7,
      "n_bits": 16,
      "direct_z": [
        0.33178046640285663,
        -0.18800893096161875,
        0.00552967444004761,
        -0.2598946986822377,
        -0.35389916416304706,
        0.3373101408429042,
        0.24330567536209488,
        0.22118697760190442,
        -0.18247925652157115,
        -0.11612316324099982,
        -0.11059348880095221,
        0.07741544216066655,
        0.07188576772061894,
        -0.03317804664028566,
        -0.02211869776019044,
        0.0
      ],
      "chain_z": [
        -0.0003503389628112353,
        0.0024395224688419444,
        0.00014067664915972362,
        0.0021659469660289233,
        -0.000982369388963938,
        0.0024364789836437773,
        0.002810151332974294,
        -0.003878076472508929,
        0.003068847574818497,
        0.001299230014595335,
        -0.00151768461881933,
        0.0012299061850815287,
        -0.00031821328571947187,
        -0.0018632892713223057,
        0.0003324162166442524,
        -0.001509568658290884
      ],
      "z_in_max": 0.35389916416304706
    },
    "3": {
      "omega": -0.11677337661319284,
      "same_sign": 6,
      "n_bits": 16,
      "direct_z": [
        0.33178046640285663,
        -0.18800893096161875,
        0.00552967444004761,
        -0.2598946986822377,
        -0.35389916416304706,
        0.3373101408429042,
        0.24330567536209488,
        0.22118697760190442,
        -0.18247925652157115,
        -0.11612316324099982,
        -0.11059348880095221,
        0.07741544216066655,
        0.07188576772061894,
        -0.03317804664028566,
        -0.02211869776019044,
        0.0
      ],
      "chain_z": [
        -0.00617912036483427,
        0.0064746765940784995,
        0.001815946168239707,
        -0.0005755568674755998,
        0.003855419416033684,
        -0.0029814319166266987,
        0.006233903098401277,
        -0.0009749297584795285,
        0.0023997880787547652,
        -0.016063853040947998,
        -0.004329357694392709,
        -0.0045630297246075395,
        -0.00396481580065669,
        -0.012702830887105459,
        0.01210326430306654,
        -0.011851162279151698
      ],
      "z_in_max": 0.35389916416304706
    },
    "4": {
      "omega": 0.16793554957921195,
      "same_sign": 8,
      "n_bits": 16,
      "direct_z": [
        0.33178046640285663,
        -0.18800893096161875,
        0.00552967444004761,
        -0.2598946986822377,
        -0.35389916416304706,
        0.3373101408429042,
        0.24330567536209488,
        0.22118697760190442,
        -0.18247925652157115,
        -0.11612316324099982,
        -0.11059348880095221,
        0.07741544216066655,
        0.07188576772061894,
        -0.03317804664028566,
        -0.02211869776019044,
        0.0
      ],
      "chain_z": [
        0.024291746191681753,
        -0.021279372175540365,
        -0.01102992852317961,
        -0.005954071542680915,
        -0.0016110181648964525,
        -0.02244840865665855,
        0.022972902605809344,
        0.019467483987564878,
        -0.00522904573547311,
        0.022443674346350286,
        0.023418604104829818,
        0.011254808262821955,
        -0.011366064555066058,
        0.023934643928430154,
        0.030687799418140947,
        -0.03480529672623902
      ],
      "z_in_max": 0.35389916416304706
    }
  }
}