{
  "distance_top20": [
    [
      75,
      8
    ],
    [
      40,
      7
    ],
    [
      56,
      7
    ],
    [
      30,
      6
    ],
    [
      83,
      6
    ],
    [
      32,
      6
    ],
    [
      46,
      6
    ],
    [
      158,
      6
    ],
    [
      110,
      6
    ],
    [
      82,
      6
    ],
    [
      116,
      6
    ],
    [
      38,
      5
    ],
    [
      139,
      5
    ],
    [
      91,
      5
    ],
    [
      68,
      5
    ],
    [
      35,
      5
    ],
    [
      11,
      5
    ],
    [
      112,
      5
    ],
    [
      15,
      5
    ],
    [
      13,
      5
    ]
  ],
  "sha2_rotations_check": {
    "2": 4,
    "6": 3,
    "11": 5,
    "13": 5,
    "17": 2,
    "18": 1,
    "19": 1,
    "22": 2,
    "25": 5
  },
  "word_locality": {
    "within_word": 5,
    "two_same": 37,
    "all_diff": 118,
    "expected_within_word": 2.2973598888374247
  },
  "word_combo_top10": [
    [
      [
        3,
        5,
        6
      ],
      6
    ],
    [
      [
        0,
        2,
        6
      ],
      5
    ],
    [
      [
        1,
        4,
        5
      ],
      5
    ],
    [
      [
        0,
        2,
        3
      ],
      4
    ],
    [
      [
        0,
        3,
        6
      ],
      4
    ],
    [
      [
        0,
        2,
        7
      ],
      4
    ],
    [
      [
        3,
        3,
        7
      ],
      4
    ],
    [
      [
        0,
        1,
        7
      ],
      4
    ],
    [
      [
        1,
        5,
        7
      ],
      4
    ],
    [
      [
        1,
        5,
        6
      ],
      3
    ]
  ],
  "within_word_z": 1.7960325792871976
}