{
  "bit5_max": {
    "omega3": 0.850942,
    "top32": [
      210,
      38,
      10,
      5,
      145,
      137,
      227,
      205,
      153,
      90,
      144,
      192,
      162,
      9,
      33,
      21,
      126,
      64,
      2,
      18,
      51,
      60,
      130,
      188,
      172,
      134,
      96,
      117,
      238,
      44,
      57,
      208
    ]
  },
  "bit4_max": {
    "omega3": 0.844781,
    "top32": [
      58,
      63,
      227,
      191,
      130,
      216,
      210,
      134,
      219,
      65,
      80,
      117,
      188,
      126,
      26,
      181,
      133,
      224,
      155,
      234,
      128,
      182,
      24,
      72,
      108,
      30,
      255,
      146,
      248,
      122,
      71,
      113
    ]
  },
  "bit6_max": {
    "omega3": 0.837452,
    "top32": [
      183,
      54,
      225,
      221,
      39,
      192,
      52,
      31,
      70,
      91,
      99,
      147,
      113,
      1,
      164,
      179,
      122,
      249,
      251,
      200,
      202,
      125,
      235,
      43,
      146,
      134,
      216,
      92,
      45,
      236,
      174,
      180
    ]
  },
  "parity": {
    "omega3": 0.874205,
    "top32": [
      41,
      107,
      15,
      69,
      140,
      199,
      185,
      43,
      5,
      231,
      45,
      91,
      193,
      164,
      221,
      247,
      113,
      128,
      232,
      218,
      59,
      181,
      227,
      213,
      142,
      102,
      250,
      159,
      122,
      123,
      96,
      234
    ]
  }
}