{"N": 130816, "phi": [-0.002293297455968679, -0.0027901785714285476, -0.001215447651663426, 0.0006803449119373584, -0.0011772260273972823, -0.00041279354207435226, 0.0018499266144813564, -0.0015441536203522621, 0.00031341731898237857, 0.0012230919765165993, 0.0012154476516633705, -0.002086900684931503, 0.00031341731898237857, -0.002744312622309175, 0.0006115459882582996, 0.0019110812133071864, 0.0001834637964774899, 0.002583781800391427, 0.00035928326810175104, -1.528864970645749e-05, -0.00021404109589040488, -0.0015212206457925759, 0.0013606898238747167, -0.0011772260273972823, -0.0012689579256360273, 0.00039750489236789477, -0.0005351027397260122, -0.00017581947162426115, -0.0008179427592954758, -0.0004357265166340385, -0.0006268346379647571, 0.002247431506849362, -0.0005886130136986134, -0.0009708292563600507, 0.003363502935420759, -0.002323874755381594, 0.002071612035225101, -0.0013530454990215435, 0.0006421232876712146, -0.0007185665362035021, -0.00012995352250488867, 0.0005733243639921559, 0.0011466487279843118, 0.0015288649706457491, -0.000871453033268077, -0.000389860567514666, -0.0013759784735812297, 0.0037151418786692814, 0.003944471624266144, -0.0013148238747553997, 0.0021709882583170748, 0.0006344789628179859, -0.000512169765166326, 0.0002828400195694636, 0.0011237157534246256, -0.00016053082191780366, 0.00012230919765165993, -0.0002828400195694636, 0.0011848703522504556, 7.644324853228746e-06, 0.0020639677103718723, -0.0013759784735812297, -0.0018728595890410982, -0.0014829990215264321, 0.00019110812133071864, 0.0014982876712328341, -0.002904843444226979, 0.0007567881604696458, 0.00029048434442269233, 0.00402855919765166, -0.001184870352250511, -0.00012230919765165993, 0.0008561643835616195, 0.0006344789628179859, 0.0011619373776907693, 0.00027519569471623484, 0.0005198140900195547, -0.00034399461839529355, -0.00042808219178080975, 2.2932974559686237e-05, 0.00048159246575341097, -0.0011925146771037398, 0.0006727005870841296, -0.0002522627201565486, -0.0021327666340508755, -0.0015135763209393471, 0.0007185665362035021, -6.879892367905871e-05, -0.0004051492172211235, -0.002423250978473568, -0.0025302715264187703, -0.0008561643835616195, -0.0027060909980430314, -0.0008332314090019333, 0.0008943860078277632, -0.0006803449119373584, -0.0012689579256360273, -6.115459882582996e-05, -0.0015288649706458046, -0.0002675513698630061, -0.0011619373776908248, 0.0010396281800391094, 0.0, 7.644324853228746e-06, -0.000902030332680992, -0.0002981286692759211, -0.000871453033268077, -0.002262720156555764, 0.0006879892367905871, -0.002415606653620339, 0.0026296477495107995, 0.000902030332680992, -0.0003516389432485223, 0.0010472725048923381, -0.0004663038160469535, -0.0017658390410958957, 0.000451015166340496, -0.00022168542074363362, 0.0007567881604696458, -0.002270364481408993, -0.0008255870841487045, 0.0012689579256359718, -0.0024308953033267966, 0.00022932974559686237, 0.0017199730919764677, -0.0012383806262231123, 0.0009631849315068219, 0.0007109222113502733, -0.0005962573385518422, -7.644324853228746e-05, 0.0025149828767123683, 0.0014982876712328341, 0.002193921232876761, -0.0007491438356164171, -0.0008867416829745345, 0.001475354696673148, 0.0005503913894324697, 0.002430895303326852, 0.0008179427592954758, 0.000871453033268077, 0.0005045254403130972, 0.0013377568493150305, 0.002644936399217257, -0.000420437866927581, 0.00027519569471623484, -0.00027519569471623484, -0.0008485200587083908, 0.0014829990215263766, 0.0022932974559687347, 0.0015670865949118928, 0.0020639677103718723, -0.002094545009784732, 0.0008179427592954758, 0.0006039016634050709, 0.0007185665362035021, 0.0008790973581213057, 0.0009631849315068219, -0.0009631849315068219, -0.0006497676125244434, 3.822162426614373e-05, 0.002400318003913937, 0.0024844055772994533, -0.0006344789628179859, 0.0009402519569471357, 0.00012995352250488867, 0.004036203522504889, 0.0008179427592954758, -0.0012230919765166548, -0.003638698630136994, -0.0015670865949119483, 0.00011466487279843118, 0.0010549168297455669, 0.0007567881604696458, -0.0004968811154598685, -0.0030806629158512955, -0.00022932974559686237, -0.0027060909980430314, -0.0016511741682974646, 0.0006115459882582996, 0.0007873654598825608, -0.0027290239726027177, -0.0005351027397260122, 0.000810298434442247, -0.0014524217221135172, -0.0011695817025440536, 0.0009861179060665082, -0.0014371330724070597, -0.0011084271037182236, -0.0006344789628179859, -0.00421202299412915, 0.001200159001956913, -0.0009402519569471357, 0.0004892367906066397, -3.822162426614373e-05, 0.00031341731898237857, 0.0003516389432485223, 0.002430895303326852, 0.0007414995107631883, 0.0021480552837573885, -0.0008638087084148482, 0.0021174779843444735, -0.0007567881604696458, 0.0014524217221134617, 0.0016435298434441803, -0.0009631849315068219, -0.0011772260273972823, -0.00016053082191780366, -0.0014982876712328896, 0.002706090998043087, -0.0006497676125244434, 0.0011772260273972268, 0.001712328767123239, -0.001880503913894327, 0.001024339530332652, 0.0007644324853228746, -0.0011466487279843673, -0.0004663038160469535, 0.0009784735812132794, 0.0010166952054794232, -0.0025302715264187703, -0.0005733243639921559, -7.644324853228746e-06, 0.0005045254403130972, 0.000993762230919737, -0.0013301125244618572, -0.000810298434442247, -0.001429488747553831, 0.0005886130136986134, 0.0010549168297455669, -0.0012995352250489423, -0.0003210616438356073, -0.0006803449119373584, 0.0001528864970645749, -0.0005198140900195547, -0.002927776418786665, 0.0007950097847357895, 0.0018728595890410427, -0.0022474315068493067, -5.351027397260122e-05, -0.0007950097847357895, 0.0010931384540117106, -0.0006039016634050709, 0.0014218444227005467, 0.0021251223091977023, 0.002912487769080263, -0.0018117049902152682, 0.001681751467710324, 0.0007338551859099596, 0.0027519569471624594, -0.0010166952054794787, 0.0010166952054794232, 0.0023009417808219634, -0.0011313600782779099, -0.0015823752446184058, -0.00415086839530332, -0.0006497676125244434], "significant_bits": [189, 254], "omega3": 0.866934, "ss_omega3": 213, "stats": {"meth_4bits_tv": 0.0015823752446184405, "our_h5_5bits_tv": 0.0029124765549519843, "combined_9bits_tv": 0.003374945394007278}}