{
  "N": 20000,
  "n_iters": 80,
  "state_sum_final_mean": 9248664497.61155,
  "phi": [
    -0.0015999999999999903,
    0.0008000000000000229,
    -0.0010999999999999899,
    0.0005500000000000504,
    0.0008000000000000229,
    -0.0033500000000000196,
    -0.006699999999999984,
    0.0016500000000000403,
    0.0030000000000000027,
    0.0015500000000000513,
    -0.0025000000000000022,
    0.0009500000000000064,
    -0.0025000000000000022,
    0.0038000000000000256,
    -0.0006499999999999839,
    -0.0021499999999999853,
    0.0026000000000000467,
    -4.999999999999449e-05,
    -0.003950000000000009,
    0.0022999999999999687,
    -0.0011999999999999789,
    0.008050000000000002,
    -0.00030000000000002247,
    -0.006450000000000011,
    -0.006099999999999994,
    -0.007799999999999974,
    0.0007500000000000284,
    -0.00030000000000002247,
    0.00014999999999998348,
    -0.0011999999999999789,
    -0.0021999999999999797,
    0.005149999999999988,
    -0.0024000000000000132,
    0.00034999999999996145,
    -0.0015999999999999903,
    -0.003500000000000003,
    0.0022999999999999687,
    -0.0008500000000000174,
    -0.002950000000000008,
    -0.0029000000000000137,
    -0.0013500000000000179,
    0.0009500000000000064,
    0.0006000000000000449,
    0.0033999999999999586,
    -0.0010499999999999954,
    0.002449999999999952,
    -0.0018500000000000183,
    -0.0016999999999999793,
    -0.005549999999999999,
    -0.0030999999999999917,
    -0.00269999999999998,
    0.007549999999999946,
    0.0028000000000000247,
    0.0020000000000000018,
    -0.00030000000000002247,
    0.00275000000000003,
    0.00024999999999997247,
    0.00034999999999996145,
    -0.0036499999999999866,
    -0.0040000000000000036,
    -0.0011499999999999844,
    -0.006900000000000017,
    0.0023499999999999632,
    0.0016000000000000458,
    -0.0025000000000000022,
    -0.0010999999999999899,
    0.004149999999999987,
    -0.0010499999999999954,
    -0.0008500000000000174,
    0.0040000000000000036,
    0.0033999999999999586,
    0.0048000000000000265,
    -0.0014000000000000123,
    0.00024999999999997247,
    -0.0023000000000000242,
    0.0004999999999999449,
    -0.0030000000000000027,
    -0.0009000000000000119,
    -0.0012499999999999734,
    0.0042999999999999705,
    0.0029000000000000137,
    9.999999999998899e-05,
    0.0020000000000000018,
    -0.0020499999999999963,
    0.0040999999999999925,
    -0.004500000000000004,
    -0.0021999999999999797,
    -0.0026499999999999857,
    0.0020000000000000018,
    -0.0015999999999999903,
    -0.0041999999999999815,
    -0.006099999999999994,
    0.0006000000000000449,
    -0.0016499999999999848,
    -0.002850000000000019,
    -0.0018000000000000238,
    0.00275000000000003,
    -0.00030000000000002247,
    0.00044999999999995044,
    -0.003149999999999986,
    0.01034999999999997,
    0.003650000000000042,
    -0.0012499999999999734,
    0.0011499999999999844,
    0.007249999999999979,
    0.00044999999999995044,
    0.005550000000000055,
    -0.0005000000000000004,
    0.003750000000000031,
    0.0009500000000000064,
    -0.0019500000000000073,
    0.00024999999999997247,
    0.0008000000000000229,
    0.00024999999999997247,
    0.00039999999999995595,
    0.005049999999999999,
    0.0020499999999999963,
    -0.0016999999999999793,
    -0.00495000000000001,
    0.0023499999999999632,
    -0.004049999999999998,
    0.0022999999999999687,
    -0.006649999999999989,
    -0.0022499999999999742,
    -0.005950000000000011,
    -0.0020499999999999963,
    -0.0014500000000000068,
    -0.004699999999999982,
    -0.0018500000000000183,
    -0.0019500000000000073,
    0.009299999999999975,
    -0.0010499999999999954,
    0.0027000000000000357,
    -0.0005999999999999894,
    0.005850000000000022,
    0.002950000000000008,
    0.005950000000000011,
    0.00539999999999996,
    0.0021499999999999853,
    0.0023499999999999632,
    -0.00040000000000001146,
    -0.0005999999999999894,
    0.003349999999999964,
    -0.0040999999999999925,
    0.005650000000000044,
    0.00019999999999997797,
    0.0042999999999999705,
    0.0026000000000000467,
    -0.006450000000000011,
    0.008850000000000025,
    0.0046000000000000485,
    -0.0006999999999999784,
    -0.005099999999999993,
    -0.0023000000000000242,
    0.0,
    -0.004149999999999987,
    0.0021999999999999797,
    0.005449999999999955,
    -0.007199999999999984,
    0.0011999999999999789,
    0.005600000000000049,
    -0.0025499999999999967,
    -0.0025499999999999967,
    0.00385000000000002,
    0.0023499999999999632,
    -0.0034500000000000086,
    0.0042999999999999705,
    -0.0015499999999999958,
    0.0018500000000000183,
    0.00014999999999998348,
    -0.00014999999999998348,
    0.0028000000000000247,
    0.0009500000000000064,
    -0.0010000000000000009,
    0.00019999999999997797,
    0.0023499999999999632,
    -0.0012499999999999734,
    0.0020000000000000018,
    0.002950000000000008,
    0.00024999999999997247,
    0.0008500000000000174,
    0.00660000000000005,
    -0.0019000000000000128,
    0.0040999999999999925,
    -0.0034500000000000086,
    -0.0046499999999999875,
    0.00034999999999996145,
    -0.0015499999999999958,
    -0.0016499999999999848,
    0.0006000000000000449,
    0.002950000000000008,
    0.0047000000000000375,
    -0.0005499999999999949,
    -0.00014999999999998348,
    0.0049000000000000155,
    0.0011499999999999844,
    0.0010999999999999899,
    0.002449999999999952,
    0.0036000000000000476,
    -0.0023000000000000242,
    -0.00019999999999997797,
    0.0013999999999999568,
    -0.0024500000000000077,
    0.003650000000000042,
    -0.00605,
    -0.0024500000000000077,
    0.004449999999999954,
    -0.005049999999999999,
    -0.0014500000000000068,
    0.0014499999999999513,
    4.999999999999449e-05,
    -0.0035499999999999976,
    -0.0030000000000000027,
    -0.0013000000000000234,
    -0.0009500000000000064,
    0.0016500000000000403,
    0.0028000000000000247,
    0.009399999999999964,
    -0.003400000000000014,
    0.00029999999999996696,
    -0.005699999999999983,
    0.00014999999999998348,
    -0.0033500000000000196,
    0.003449999999999953,
    0.005349999999999966,
    0.0008500000000000174,
    -0.002599999999999991,
    0.0007500000000000284,
    0.005099999999999993,
    -0.0034500000000000086,
    -0.0018000000000000238,
    0.0008000000000000229,
    0.0012499999999999734,
    0.007299999999999973,
    -0.00035000000000001696,
    -0.00030000000000002247,
    0.0028000000000000247,
    -0.003699999999999981,
    -0.0025499999999999967,
    0.004049999999999998,
    -0.0020499999999999963,
    -0.0008500000000000174,
    0.0039000000000000146,
    -0.0018500000000000183,
    0.003249999999999975,
    -0.0022499999999999742,
    0.010950000000000015,
    -0.0026499999999999857,
    0.0032999999999999696,
    -0.003699999999999981,
    0.0005500000000000504,
    -0.0025499999999999967,
    -0.00045000000000000595,
    0.0046000000000000485,
    -4.999999999999449e-05,
    -0.00019999999999997797
  ],
  "omega3": 0.970289,
  "tv_meth_4": 0.006874819082000005,
  "tv_our_5": 0.006587324098442855,
  "tv_combined_9": 0.009248685076618121,
  "tv_top_15": 0.025428437950257447
}