{
  "n_pairs": 50000,
  "top_aucs_per_bit": [
    [
      111,
      0.5139940232987985
    ],
    [
      56,
      0.5137903794157634
    ],
    [
      41,
      0.5128668928325679
    ],
    [
      94,
      0.5122327278289458
    ],
    [
      124,
      0.5116811274759215
    ],
    [
      168,
      0.5116153503837596
    ],
    [
      83,
      0.5113462805935587
    ],
    [
      238,
      0.5097854791419166
    ],
    [
      140,
      0.5097111034236015
    ],
    [
      191,
      0.5096797896469977
    ],
    [
      173,
      0.5095511859606736
    ],
    [
      171,
      0.5095374747738022
    ],
    [
      103,
      0.5094885307428396
    ],
    [
      226,
      0.5094059922605692
    ],
    [
      11,
      0.5090235436739514
    ],
    [
      240,
      0.508910074148676
    ],
    [
      189,
      0.5088851545995775
    ],
    [
      82,
      0.5087988759941884
    ],
    [
      133,
      0.5086846254059909
    ],
    [
      42,
      0.5086705523703587
    ],
    [
      57,
      0.5086631458624363
    ],
    [
      185,
      0.5086074751868797
    ],
    [
      58,
      0.5085699894303937
    ],
    [
      6,
      0.5084899856031158
    ],
    [
      21,
      0.5081266319595322
    ],
    [
      61,
      0.5081195772466955
    ],
    [
      237,
      0.5076606489458405
    ],
    [
      101,
      0.5075029147057128
    ],
    [
      19,
      0.5073405413034159
    ],
    [
      92,
      0.5072234598461827
    ]
  ],
  "mean_auc_across_bits": 0.49962842691904075
}