{
  "N": 50000,
  "N_ITERS": 150,
  "SS_final_mean": 8252642054.79186,
  "SS_final_min": 1474264060.0,
  "frac_below_threshold": 0.0,
  "phi": [
    -2.0000000000020002e-05,
    -0.0017400000000000193,
    0.0018200000000000438,
    0.0011400000000000299,
    0.0006199999999999539,
    0.0017200000000000548,
    -0.0015999999999999903,
    -0.0011800000000000144,
    -0.0032400000000000206,
    0.0041999999999999815,
    0.0019200000000000328,
    0.0010599999999999499,
    0.0010799999999999699,
    -0.00036000000000002697,
    -0.0017400000000000193,
    -0.004819999999999991,
    -0.0022400000000000198,
    0.0007599999999999829,
    0.0021799999999999597,
    0.0022799999999999487,
    0.0027000000000000357,
    0.000140000000000029,
    0.0047000000000000375,
    -0.00028000000000000247,
    -0.00043999999999999595,
    -0.003599999999999992,
    0.0016000000000000458,
    0.0011999999999999789,
    0.0017800000000000038,
    0.00036000000000002697,
    -0.0047800000000000065,
    0.000140000000000029,
    0.0012600000000000389,
    0.0007599999999999829,
    -0.0024799999999999822,
    0.0020799999999999708,
    0.0018000000000000238,
    -0.0016800000000000148,
    0.0010000000000000009,
    0.0007399999999999629,
    0.0006199999999999539,
    0.0016800000000000148,
    -0.0005399999999999849,
    -0.0027599999999999847,
    0.00019999999999997797,
    0.0018000000000000238,
    -0.00036000000000002697,
    0.0049799999999999844,
    0.0007599999999999829,
    -0.00031999999999998696,
    0.00034000000000000696,
    0.0034999999999999476,
    0.0024399999999999977,
    -0.0012800000000000034,
    0.0007800000000000029,
    -0.00019999999999997797,
    0.0007200000000000539,
    -0.0005000000000000004,
    0.0033199999999999896,
    -0.0047599999999999865,
    0.0016199999999999548,
    -0.0009199999999999764,
    5.999999999994898e-05,
    0.00034000000000000696,
    0.0010000000000000009,
    0.00048000000000003595,
    0.0018399999999999528,
    -0.00028000000000000247,
    0.0016800000000000148,
    0.0023400000000000087,
    0.0035800000000000276,
    -0.0006599999999999939,
    0.0024999999999999467,
    0.00039999999999995595,
    -0.0005999999999999894,
    0.0029799999999999827,
    -0.0018799999999999928,
    -0.00024000000000001798,
    -0.0016800000000000148,
    0.0011999999999999789,
    0.0039799999999999836,
    -0.0008600000000000274,
    -0.0010800000000000254,
    0.0012999999999999678,
    0.0018399999999999528,
    0.0008799999999999919,
    -0.0010800000000000254,
    0.0008000000000000229,
    0.00038000000000004697,
    0.0014199999999999768,
    0.0024600000000000177,
    -0.0005000000000000004,
    -0.00046000000000001595,
    0.0017800000000000038,
    0.00039999999999995595,
    5.999999999994898e-05,
    -0.0012800000000000034,
    -0.0018599999999999728,
    -0.003139999999999976,
    -0.00274000000000002,
    -0.00041999999999997595,
    0.0006399999999999739,
    -0.0018599999999999728,
    -0.0016599999999999948,
    -0.0005200000000000204,
    0.0014800000000000368,
    -0.00041999999999997595,
    0.0017200000000000548,
    -0.0009000000000000119,
    0.0008399999999999519,
    -0.0042400000000000215,
    0.0017800000000000038,
    0.0022400000000000198,
    -0.0013599999999999723,
    0.0017599999999999838,
    0.0007800000000000029,
    0.00039999999999995595,
    -0.0010999999999999899,
    -0.0014799999999999813,
    -0.0009399999999999964,
    0.0027000000000000357,
    -0.00046000000000001595,
    0.0030799999999999716,
    -0.0012400000000000189,
    0.0011999999999999789,
    0.0010200000000000209,
    0.0020000000000000018,
    2.0000000000020002e-05,
    -0.0019399999999999973,
    0.0014399999999999968,
    -0.00030000000000002247,
    -0.0008600000000000274,
    0.0016199999999999548,
    -0.0014600000000000168,
    0.0030000000000000027,
    -0.0008799999999999919,
    2.0000000000020002e-05,
    -0.0007199999999999984,
    -0.0013000000000000234,
    -0.0011200000000000099,
    -0.0005600000000000049,
    -0.0005999999999999894,
    0.0004999999999999449,
    -0.0009600000000000164,
    0.0034800000000000386,
    0.0017200000000000548,
    0.0040599999999999525,
    0.0021200000000000108,
    0.0031600000000000517,
    0.0013999999999999568,
    0.0010599999999999499,
    -0.0023799999999999932,
    -0.0019000000000000128,
    -0.0029000000000000137,
    -0.0010399999999999854,
    0.0030999999999999917,
    -0.0026800000000000157,
    -0.0013199999999999878,
    0.0021600000000000508,
    0.0014600000000000168,
    -0.0025000000000000022,
    0.00012000000000000899,
    -0.0011999999999999789,
    0.00017999999999995797,
    -0.00037999999999999146,
    -0.00034000000000000696,
    -0.003259999999999985,
    -0.0005800000000000249,
    -0.003939999999999999,
    0.00019999999999997797,
    -0.0022599999999999842,
    -0.00012000000000000899,
    -0.0027599999999999847,
    0.0008799999999999919,
    -0.0014000000000000123,
    -0.0007800000000000029,
    -0.0014000000000000123,
    -0.0011200000000000099,
    -0.00024000000000001798,
    -0.0008400000000000074,
    -0.0006200000000000094,
    0.0013400000000000079,
    -0.0018000000000000238,
    -0.005240000000000022,
    0.0012999999999999678,
    0.0010799999999999699,
    -0.0020399999999999863,
    0.0008799999999999919,
    -0.0016399999999999748,
    0.0007000000000000339,
    0.0,
    0.0019000000000000128,
    0.0021600000000000508,
    0.0010200000000000209,
    -0.0031200000000000117,
    -0.0014799999999999813,
    -0.0012199999999999989,
    -0.0009399999999999964,
    0.005499999999999949,
    -0.0016599999999999948,
    0.0014399999999999968,
    -0.00384000000000001,
    -0.00036000000000002697,
    -0.0009799999999999809,
    -0.00046000000000001595,
    -0.00041999999999997595,
    -0.00015999999999999348,
    0.0015600000000000058,
    0.0034199999999999786,
    -0.00018000000000001348,
    0.0024800000000000377,
    -0.00043999999999999595,
    -0.00024000000000001798,
    0.0008200000000000429,
    0.0019200000000000328,
    -0.00031999999999998696,
    -0.00021999999999999797,
    -0.002960000000000018,
    0.0038599999999999746,
    -0.0016399999999999748,
    0.0006000000000000449,
    0.0041200000000000125,
    -0.0008199999999999874,
    0.00039999999999995595,
    -0.0026800000000000157,
    0.0027599999999999847,
    0.0024600000000000177,
    0.0009400000000000519,
    -0.0046800000000000175,
    -0.005280000000000007,
    -0.0020800000000000263,
    0.0017800000000000038,
    -0.0023400000000000087,
    0.00034000000000000696,
    -0.00384000000000001,
    -0.0017599999999999838,
    -0.002599999999999991,
    0.0031999999999999806,
    -0.0009600000000000164,
    -0.0006999999999999784,
    0.005619999999999958,
    -0.0031999999999999806,
    -0.0036599999999999966,
    -0.0005999999999999894,
    0.0018599999999999728,
    -0.0020800000000000263,
    0.0008200000000000429,
    -9.999999999998899e-05,
    -0.0011399999999999744,
    0.00048000000000003595,
    0.0044399999999999995,
    -0.0015200000000000213,
    -0.003300000000000025,
    0.0029000000000000137,
    -0.0024399999999999977,
    -0.0020800000000000263
  ],
  "top_bits": [
    [
      240,
      2.513340406709745
    ],
    [
      198,
      2.459674775249746
    ],
    [
      229,
      -2.361287784239781
    ],
    [
      183,
      -2.3433992404197896
    ],
    [
      47,
      2.2271237055897832
    ],
    [
      15,
      -2.1555695303097933
    ],
    [
      30,
      -2.137680986489802
    ],
    [
      59,
      -2.1287367145797935
    ],
    [
      22,
      2.101903898849819
    ],
    [
      228,
      -2.0929596269398107
    ],
    [
      250,
      1.985628364019813
    ],
    [
      110,
      -1.896185644919831
    ],
    [
      9,
      1.8782971010998148
    ],
    [
      221,
      1.842520013459832
    ],
    [
      146,
      1.815687197729808
    ]
  ],
  "meth_phi": {
    "H[6][b28]": 0.0006000000000000449,