{
  "N": 130816,
  "feature": "bit5_max",
  "rounds": [
    0,
    1,
    6,
    12,
    18,
    24
  ],
  "sha3_256": {
    "0": {
      "omega3": 0.09581189802893197,
      "same_sign": 256,
      "n_const": 0,
      "direct_z_mean": -22.472597122192383,
      "chain_z_mean": -115148.7421875
    },
    "1": {
      "omega3": 0.8265205986954605,
      "same_sign": 256,
      "n_const": 0,
      "direct_z_mean": -19.911212921142578,
      "chain_z_mean": -102271.75
    },
    "6": {
      "omega3": 0.08156818724972224,
      "same_sign": 133,
      "n_const": 0,
      "direct_z_mean": -0.12193365395069122,
      "chain_z_mean": -13.940662384033203
    },
    "12": {
      "omega3": 0.029014690219420606,
      "same_sign": 122,
      "n_const": 0,
      "direct_z_mean": 0.049551066011190414,
      "chain_z_mean": -10.851568222045898
    },
    "18": {
      "omega3": 0.12064335378559986,
      "same_sign": 142,
      "n_const": 0,
      "direct_z_mean": 0.010908149182796478,
      "chain_z_mean": 18.532888412475586
    },
    "24": {
      "omega3": 0.11026911840014796,
      "same_sign": 136,
      "n_const": 0,
      "direct_z_mean": 0.04095415025949478,
      "chain_z_mean": 11.466842651367188
    }
  },
  "ro_null": {
    "mean": 0.07724439292834429,
    "std": 0.07234688685881406,
    "omegas": [
      0.18149487097280767,
      0.016660356652223242,
      0.07227595906768258,
      -0.026120622795174502,
      0.024375162880323663,
      -0.007600294319052343,
      0.12582336290118498,
      0.10524063310745249,
      0.12004715435196883,
      0.16024734646402622
    ]
  },
  "runtime_sec": 166.75451159477234
}