{
  "N": 130816,
  "feature": "bit5_max",
  "chi_r": 4,
  "rounds": [
    4,
    8,
    16,
    32,
    48,
    64
  ],
  "sha256": {
    "4": {
      "omega3": 0.9976901917068747,
      "same_sign": 256,
      "n_const": 0
    },
    "8": {
      "omega3": 0.9941946663921224,
      "same_sign": 256,
      "n_const": 0
    },
    "16": {
      "omega3": 0.9356612840451247,
      "same_sign": 240,
      "n_const": 0
    },
    "32": {
      "omega3": 0.04193717448965665,
      "same_sign": 135,
      "n_const": 0
    },
    "48": {
      "omega3": 0.10333894422439943,
      "same_sign": 136,
      "n_const": 0
    },
    "64": {
      "omega3": 0.14608009034853414,
      "same_sign": 143,
      "n_const": 0
    }
  },
  "ro_null": {
    "mean": 0.05258854733814763,
    "std": 0.07372026448356418,
    "omegas": [
      0.1510244671235862,
      -0.0029098900571804145,
      0.06290615576648997,
      -0.009056618591587885,
      -0.018764393704716668,
      -0.059527310494425965,
      0.07413797478839784,
      0.12073983379923785,
      0.149751691316083,
      0.05758356343559238
    ]
  },
  "runtime_sec": 149.7895576953888
}