{
  "meta": {
    "k": 12,
    "R": 1000,
    "N": 130816,
    "seed": 3405691582
  },
  "chi2": {
    "sha": 3871.5616438356165,
    "ro_mean": 4094.1597808219176,
    "ro_std": 88.276561588322,
    "z": -2.52159953878118,
    "p_two": 0.011988011988011988
  },
  "I_per_feature": {
    "sum_mod16": {
      "I_SHA": 0.3914029889150865,
      "I_RO_mean": 0.38905180554365054,
      "I_RO_std": 0.0019743149174744593,
      "delta_bits": 0.002351183371435972,
      "z": 1.190885684257303,
      "p_two": 0.23576423576423577,
      "thresh_5sig": 0.009871574587372296
    },
    "gap_div32": {
      "I_SHA": 0.36087203081754765,
      "I_RO_mean": 0.36267168865109195,
      "I_RO_std": 0.0018134091960070788,
      "delta_bits": -0.0017996578335442992,
      "z": -0.9924168453027268,
      "p_two": 0.3156843156843157,
      "thresh_5sig": 0.009067045980035394
    },
    "imod8_jmod8": {
      "I_SHA": 1.432170917114797,
      "I_RO_mean": 1.4319144187811375,
      "I_RO_std": 0.0020592010985814187,
      "delta_bits": 0.0002564983336594828,
      "z": 0.1245620613917622,
      "p_two": 0.8991008991008991,
      "thresh_5sig": 0.010296005492907094
    },
    "iword": {
      "I_SHA": 0.3636630104459084,
      "I_RO_mean": 0.3619736914512931,
      "I_RO_std": 0.0017208040023225693,
      "delta_bits": 0.0016893189946152742,
      "z": 0.9817033156217677,
      "p_two": 0.32667332667332666,
      "thresh_5sig": 0.008604020011612847
    },
    "imod32": {
      "I_SHA": 0.8050546618828671,
      "I_RO_mean": 0.8056940702749334,
      "I_RO_std": 0.0022753426101650488,
      "delta_bits": -0.0006394083920663318,
      "z": -0.2810163134157411,
      "p_two": 0.7692307692307693,
      "thresh_5sig": 0.011376713050825243
    },
    "jword": {
      "I_SHA": 0.36463228869333897,
      "I_RO_mean": 0.36204663123373076,
      "I_RO_std": 0.0018259462565871358,
      "delta_bits": 0.002585657459608204,
      "z": 1.4160643832097441,
      "p_two": 0.15184815184815184,
      "thresh_5sig": 0.009129731282935679
    },
    "HWi": {
      "I_SHA": 0.17102981529423328,
      "I_RO_mean": 0.1717335385937916,
      "I_RO_std": 0.0012312702447882797,
      "delta_bits": -0.000703723299558312,
      "z": -0.5715425208535915,
      "p_two": 0.5694305694305695,
      "thresh_5sig": 0.006156351223941398
    },
    "popxor_ij": {
      "I_SHA": 0.17600481998714312,
      "I_RO_mean": 0.17653973704305337,
      "I_RO_std": 0.0012402132003741038,
      "delta_bits": -0.0005349170559102445,
      "z": -0.43131056478748137,
      "p_two": 0.6543456543456544,
      "thresh_5sig": 0.006201066001870519
    }
  }
}