{
  "meta": {
    "HW_list": [
      2,
      3,
      4,
      5
    ],
    "roles": [
      "min",
      "max"
    ],
    "bits": [
      0,
      1,
      2,
      3,
      4,
      5,
      6,
      7,
      8
    ],
    "N_target": 130816,
    "R": 300,
    "seed": 3405652004
  },
  "results": {
    "2": {
      "min": {
        "0": {
          "sha": 16.078124999999993,
          "ro_mean": 24.10108916340508,
          "ro_std": 7.231311834482042,
          "z_norm": -1.1094756175702594,
          "p_emp": 0.23920265780730898
        },
        "1": {
          "sha": 26.608579990215265,
          "ro_mean": 23.909509743966076,
          "ro_std": 6.33336126044548,
          "z_norm": 0.42616710704725214,
          "p_emp": 0.6877076411960132
        },
        "2": {
          "sha": 27.408849070450096,
          "ro_mean": 23.88090529191128,
          "ro_std": 7.214297785965987,
          "z_norm": 0.4890210916163933,
          "p_emp": 0.6611295681063123
        },
        "3": {
          "sha": 36.74911325831702,
          "ro_mean": 23.628192473907365,
          "ro_std": 6.807112942844902,
          "z_norm": 1.9275309363276139,
          "p_emp": 0.04983388704318937
        },
        "4": {
          "sha": 21.01354574363992,
          "ro_mean": 24.169864440639262,
          "ro_std": 6.900251150065484,
          "z_norm": -0.4574208428586528,
          "p_emp": 0.6445182724252492
        },
        "5": {
          "sha": 23.730155332681008,
          "ro_mean": 24.007934809197646,
          "ro_std": 6.952056599735482,
          "z_norm": -0.039956446345273934,
          "p_emp": 0.973421926910299
        },
        "6": {
          "sha": 26.509387230919756,
          "ro_mean": 24.238462777234176,
          "ro_std": 7.063041069483775,
          "z_norm": 0.3215221929682986,
          "p_emp": 0.7541528239202658
        },
        "7": {
          "sha": 39.003271771037184,
          "ro_mean": 23.677139799412913,
          "ro_std": 6.478466705571553,
          "z_norm": 2.365703594408169,
          "p_emp": 0.019933554817275746
        },
        "8": {
          "sha": 20.427562377690805,
          "ro_mean": 24.173999306914546,
          "ro_std": 7.000927790360536,
          "z_norm": -0.5351343481048539,
          "p_emp": 0.5880398671096345
        }
      },
      "max": {
        "0": {
          "sha": 21.09989603718199,
          "ro_mean": 24.25729961676451,
          "ro_std": 6.933766907503791,
          "z_norm": -0.45536627084558434,
          "p_emp": 0.6644518272425249
        },
        "1": {
          "sha": 19.18306629158512,
          "ro_mean": 23.915957477168945,
          "ro_std": 6.806019923985331,
          "z_norm": -0.6953977858490361,
          "p_emp": 0.4950166112956811
        },
        "2": {
          "sha": 23.60723458904109,
          "ro_mean": 24.2087860812133,
          "ro_std": 7.124696019835075,
          "z_norm": -0.0844318817950263,
          "p_emp": 0.9335548172757475
        },
        "3": {
          "sha": 15.488961594911936,
          "ro_mean": 24.9832218281148,
          "ro_std": 7.542447137100217,
          "z_norm": -1.2587771661669271,
          "p_emp": 0.2159468438538206
        },
        "4": {
          "sha": 11.834118150684928,
          "ro_mean": 23.121025562622307,
          "ro_std": 6.963568748672501,
          "z_norm": -1.6208510060432817,
          "p_emp": 0.08970099667774087
        },
        "5": {
          "sha": 51.00143713307239,
          "ro_mean": 23.746719871167638,
          "ro_std": 6.371765025595548,
          "z_norm": 4.277420330539786,
          "p_emp": 0.0033222591362126247
        },
        "6": {
          "sha": 25.83081580234833,
          "ro_mean": 23.920523687214608,
          "ro_std": 6.677573460144824,
          "z_norm": 0.28607579183296483,
          "p_emp": 0.760797342192691
        },
        "7": {
          "sha": 14.858702299412911,
          "ro_mean": 23.882610689823867,
          "ro_std": 7.028344306145408,
          "z_norm": -1.2839308942962109,
          "p_emp": 0.16611295681063123
        },
        "8": {
          "sha": 38.38646648727984,
          "ro_mean": 23.2275568737769,
          "ro_std": 6.815800073994022,
          "z_norm": 2.2240836657375573,
          "p_emp": 0.026578073089700997
        }
      }
    },
    "3": {
      "min": {
        "0": {
          "sha": 28.884937622309195,
          "ro_mean": 24.34777132257012,
          "ro_std": 7.04701293821479,
          "z_norm": 0.6438424818457149,
          "p_emp": 0.5116279069767442
        },
        "1": {
          "sha": 18.98620963796477,
          "ro_mean": 23.789134662426612,
          "ro_std": 7.088210691796168,
          "z_norm": -0.6775934341258655,
          "p_emp": 0.4717607973421927
        },
        "2": {
          "sha": 27.989940068493144,
          "ro_mean": 23.925361423679053,
          "ro_std": 6.833743999672167,
          "z_norm": 0.5947806422085872,
          "p_emp": 0.5714285714285714
        },
        "3": {
          "sha": 22.321826076320942,
          "ro_mean": 23.651614277560334,
          "ro_std": 6.602807679609477,
          "z_norm": -0.20139738513753627,
          "p_emp": 0.8571428571428571
        },
        "4": {
          "sha": 33.69847725048923,
          "ro_mean": 24.35906005381604,
          "ro_std": 7.2626433688646665,
          "z_norm": 1.2859528855171058,
          "p_emp": 0.17275747508305647
        },
        "5": {
          "sha": 19.378699853228955,
          "ro_mean": 24.54499898075668,
          "ro_std": 6.292538408232459,
          "z_norm": -0.8210198797942517,
          "p_emp": 0.4318936877076412
        },
        "6": {
          "sha": 22.772535469667314,
          "ro_mean": 24.411819349315063,
          "ro_std": 6.788233154931891,
          "z_norm": -0.24148903584090234,
          "p_emp": 0.8272425249169435
        },
        "7": {
          "sha": 20.64692392367905,
          "ro_mean": 23.777101068166985,
          "ro_std": 6.275564375317231,
          "z_norm": -0.498788149923122,
          "p_emp": 0.654485049833887
        },
        "8": {
          "sha": 21.123807485322885,
          "ro_mean": 23.87184748043052,
          "ro_std": 7.0780646061396295,
          "z_norm": -0.388247373826447,
          "p_emp": 0.6677740863787376
        }
      },
      "max": {
        "0": {
          "sha": 21.21242049902152,
          "ro_mean": 24.09627344259621,
          "ro_std": 6.965324621987126,
          "z_norm": -0.4140299411848463,
          "p_emp": 0.6744186046511628
        },
        "1": {
          "sha": 25.409032534246567,
          "ro_mean": 23.61409185420743,
          "ro_std": 6.612022604099912,
          "z_norm": 0.2714662044449378,
          "p_emp": 0.7973421926910299
        },
        "2": {
          "sha": 36.051889677103716,
          "ro_mean": 24.2414026826484,
          "ro_std": 7.2952496961597815,
          "z_norm": 1.6189284104521269,
          "p_emp": 0.11295681063122924
        },
        "3": {
          "sha": 38.25425024461839,
          "ro_mean": 23.573479900521846,
          "ro_std": 6.729735818551129,
          "z_norm": 2.1814779569247973,
          "p_emp": 0.023255813953488372
        },
        "4": {
          "sha": 14.47153253424657,
          "ro_mean": 24.013174535225044,
          "ro_std": 6.763308499270418,
          "z_norm": -1.4107950276122647,
          "p_emp": 0.13953488372093023
        },
        "5": {
          "sha": 26.67523850293542,
          "ro_mean": 23.630263576320935,
          "ro_std": 6.500664944375499,
          "z_norm": 0.4684097631041664,
          "p_emp": 0.6046511627906976
        },
        "6": {
          "sha": 41.441077544031295,
          "ro_mean": 23.637602128180035,
          "ro_std": 6.890056467971805,
          "z_norm": 2.583937519033424,
          "p_emp": 0.019933554817275746
        },
        "7": {
          "sha": 28.29198263209393,