{
  "meta": {
    "N": 130816,
    "R": 300,
    "feature": "bit5_max",
    "HW": 2
  },
  "ro_band": {
    "mean": 24.82481510926288,
    "std": 7.097146961131513
  },
  "variants": {
    "V0_vanilla | K_vanilla": {
      "sumz2": 51.00143713307239,
      "z_norm": 3.6883302779510316,
      "p_emp": 0.006644518272425249
    },
    "V1_no_Sigma_compr | K_vanilla": {
      "sumz2": 25.103381849315063,
      "z_norm": 0.03925052441182252,
      "p_emp": 0.973421926910299
    },
    "V2_no_sigma_sched | K_vanilla": {
      "sumz2": 15.10035469667319,
      "z_norm": -1.3701929050993327,
      "p_emp": 0.15282392026578073
    },
    "V5_linear_chmaj | K_vanilla": {
      "sumz2": 23.930039138943243,
      "z_norm": -0.12607544626312478,
      "p_emp": 0.9069767441860465
    },
    "V0_K_zero | K_zero": {
      "sumz2": 14.272749510763209,
      "z_norm": -1.486803874329993,
      "p_emp": 0.12956810631229235
    },
    "V0_K_golden | K_golden": {
      "sumz2": 18.99159124266145,
      "z_norm": -0.8219111001290899,
      "p_emp": 0.4019933554817276
    }
  }
}