{
  "meta": {
    "N": 130816,
    "R": 300,
    "n_features": 47,
    "bonferroni_alpha": 0.0010638297872340426
  },
  "results": {
    "bit0": {
      "sha": 21.09989603718199,
      "ro_mean": 24.095742212981076,
      "ro_std": 7.101929789728217,
      "z_norm": -0.4218355101358634,
      "p_emp": 0.6611295681063123
    },
    "bit1": {
      "sha": 19.18306629158512,
      "ro_mean": 24.004640207110235,
      "ro_std": 7.0293787929653,
      "z_norm": -0.6859174981934874,
      "p_emp": 0.5049833887043189
    },
    "bit2": {
      "sha": 23.60723458904109,
      "ro_mean": 24.53408166177429,
      "ro_std": 7.476727234424879,
      "z_norm": -0.12396427523338611,
      "p_emp": 0.9036544850498339
    },
    "bit3": {
      "sha": 15.488961594911936,
      "ro_mean": 23.9083832762557,
      "ro_std": 6.948203867243239,
      "z_norm": -1.2117407379245833,
      "p_emp": 0.2558139534883721
    },
    "bit4": {
      "sha": 11.834118150684928,
      "ro_mean": 23.19788425472928,
      "ro_std": 6.708840558241516,
      "z_norm": -1.6938494819472891,
      "p_emp": 0.07308970099667775
    },
    "bit5": {
      "sha": 51.00143713307239,
      "ro_mean": 24.329731123613826,
      "ro_std": 7.066693338299876,
      "z_norm": 3.7742837749735036,
      "p_emp": 0.0033222591362126247
    },
    "bit6": {
      "sha": 25.83081580234833,
      "ro_mean": 24.29650216079582,
      "ro_std": 6.972972862600113,
      "z_norm": 0.2200372311474028,
      "p_emp": 0.7940199335548173
    },
    "bit7": {
      "sha": 14.858702299412911,
      "ro_mean": 23.625899584148726,
      "ro_std": 6.630571793411908,
      "z_norm": -1.3222384973565693,
      "p_emp": 0.15614617940199335
    },
    "bit8": {
      "sha": 38.38646648727984,
      "ro_mean": 23.821379443900838,
      "ro_std": 7.064478564125481,
      "z_norm": 2.0617356130631883,
      "p_emp": 0.046511627906976744
    },
    "par_b0w2": {
      "sha": 31.025654354207436,
      "ro_mean": 24.243616071428562,
      "ro_std": 6.981084158802278,
      "z_norm": 0.9714878274641007,
      "p_emp": 0.31561461794019935
    },
    "par_b0w3": {
      "sha": 10.350385273972602,
      "ro_mean": 23.99759152804957,
      "ro_std": 7.0270974052806645,
      "z_norm": -1.9420829777912965,
      "p_emp": 0.053156146179401995
    },
    "par_b0w4": {
      "sha": 24.691627935420733,
      "ro_mean": 23.789740092954986,
      "ro_std": 6.59213392508468,
      "z_norm": 0.1368127305535835,
      "p_emp": 0.8870431893687708
    },
    "par_b1w2": {
      "sha": 12.490184686888451,
      "ro_mean": 23.050424209067184,
      "ro_std": 6.740216997019273,
      "z_norm": -1.5667506738802015,
      "p_emp": 0.10963455149501661
    },
    "par_b1w3": {
      "sha": 33.680008561643824,
      "ro_mean": 23.69767062133072,
      "ro_std": 6.619841535995166,
      "z_norm": 1.5079421291332245,
      "p_emp": 0.11295681063122924
    },
    "par_b1w4": {
      "sha": 26.022229696673186,
      "ro_mean": 24.318075872472274,
      "ro_std": 6.808248001293789,
      "z_norm": 0.2503072484840545,
      "p_emp": 0.8106312292358804
    },
    "par_b2w2": {
      "sha": 20.023819716242656,
      "ro_mean": 23.28611280984996,
      "ro_std": 6.809013232121784,
      "z_norm": -0.47911393066726765,
      "p_emp": 0.5946843853820598
    },
    "par_b2w3": {
      "sha": 22.486882338551858,
      "ro_mean": 23.279754362361377,
      "ro_std": 7.054449720345001,
      "z_norm": -0.11239317809904853,
      "p_emp": 0.9102990033222591
    },
    "par_b2w4": {
      "sha": 12.146373532289624,
      "ro_mean": 23.936108732876708,
      "ro_std": 6.713756750109131,
      "z_norm": -1.7560563540517673,
      "p_emp": 0.0664451827242525
    },
    "par_b3w2": {
      "sha": 21.091212084148726,
      "ro_mean": 23.736682363013692,
      "ro_std": 7.537371423540203,
      "z_norm": -0.3509804851334265,
      "p_emp": 0.7342192691029901
    },
    "par_b3w3": {
      "sha": 21.804519324853224,
      "ro_mean": 24.923627079256356,
      "ro_std": 6.851204669241394,
      "z_norm": -0.4552641330956615,
      "p_emp": 0.654485049833887
    },
    "par_b3w4": {
      "sha": 23.926461594911927,
      "ro_mean": 24.0949561725375,
      "ro_std": 6.799851639038026,
      "z_norm": -0.024779154983065186,
      "p_emp": 0.9867109634551495
    },
    "par_b4w2": {
      "sha": 31.616652397260268,
      "ro_mean": 24.01812316536203,
      "ro_std": 6.574169683497714,
      "z_norm": 1.1558158060586479,
      "p_emp": 0.21926910299003322
    },
    "par_b4w3": {
      "sha": 28.83766511741683,
      "ro_mean": 23.667995148401825,
      "ro_std": 6.909099884548518,
      "z_norm": 0.7482407340175284,
      "p_emp": 0.43853820598006643
    },
    "par_b4w4": {
      "sha": 14.033237524461839,
      "ro_mean": 25.005493517612518,
      "ro_std": 7.673045824280918,
      "z_norm": -1.4299739952587793,
      "p_emp": 0.17275747508305647
    },
    "par_b5w2": {
      "sha": 38.203369618395286,
      "ro_mean": 23.837960901826477,
      "ro_std": 6.509968662470345,
      "z_norm": 2.206678628022389,
      "p_emp": 0.036544850498338874
    },
    "par_b5w3": {
      "sha": 24.52858977495107,
      "ro_mean": 24.1350776663405,
      "ro_std": 6.927228508924706,
      "z_norm": 0.056806572513608704,
      "p_emp": 0.9634551495016611
    },
    "par_b5w4": {
      "sha": 18.917777641878665,
      "ro_mean": 23.627243762230915,
      "ro_std": 6.7544056779169575,
      "z_norm": -0.6972435984633718,
      "p_emp": 0.5149501661129569
    },
    "par_b6w2": {
      "sha": 18.436613258317024,
      "ro_mean": 24.409927633724717,
      "ro_std": 7.285274312954407,
      "z_norm": -0.8199161924192978,
      "p_emp": 0.4318936877076412
    },
    "par_b6w3": {
      "sha": 27.203247309197643,
      "ro_mean": 23.968399176451396,
      "ro_std": 6.973750181252143,
      "z_norm": 0.46386062716193077,
      "p_emp": 0.6777408637873754
    },
    "par_b7w2": {
      "sha": 21.55146159491193,
      "ro_mean": 23.675890207110236,
      "ro_std": 6.630005406055291,
      "z_norm": -0.3204263770672086,
      "p_emp": 0.7740863787375415
    },
    "word_parity": {
      "sha": 51.00143713307239,
      "ro_mean": 24.329731123613826,
      "ro_std": 7.066693338299876,
      "z_norm": 3.7742837749735036,
      "p_emp": 0.0033222591362126247
    },
    "word_b1": {
      "sha": 25.83081580234833,
      "ro_mean": 24.29650216079582,
      "ro_std": 6.972972862600113,
      "z_norm": 0.2200372311474028,
      "p_emp": 0.7940199335548173
    },
    "word_b2": {
      "sha": 14.858702299412911,
      "ro_mean": 23.625899584148726,
      "ro_std": 6.630571793411908,
      "z_norm": -1.3222384973565693,
      "p_emp": 0.15614617940199335
    },
    "word_b3": {
      "sha": 38.38646648727984,
      "ro_mean": 23.821379443900838,
      "ro_std": 7.064478564125481,
      "z_norm": 2.0617356130631883,
      "p_emp": 0.046511627906976744
    },
    "word_HW_par": {
      "sha": 18.917777641878665,
      "ro_mean": 23.627243762230915,
      "ro_std": 6.7544056779169575,
      "z_norm": -0.6972435984633718,
      "p_emp": 0.5149501661129569
    },
    "mod3_par": {
      "sha": 39.46180895303325,
      "ro_mean": 24.272991886823217,
      "ro_std": 6.921737613803244,
      "z_norm": 2.194364755451099,
      "p_emp": 0.029900332225913623
    },
    "mod5_par": {
      "sha": 35.84861179060665,
      "ro_mean": 23.882288201239394,
      "ro_std": 6.732956128471404,
      "z_norm": 1.7772763346497538,
      "p_emp": 0.06976744186046512
    },
    "mod7_par": {
      "sha": 15.236454256360075,
      "ro_mean": 24.010836798760597,
      "ro_std": 7.116352359528706,
      "z_norm": -1.2329887699632711,
      "p_emp": 0.17940199335548174
    },
    "mod11_par": {
      "sha": 23.617263943248528,
      "ro_mean": 24.972614766797122,
      "ro_std": 7.414611943538659,
      "z_norm": -0.1827945729148634,
      "p_emp": 0.8504983388704319
    },
    "byte_par": {
      "sha": 15.488961594911936,