{
  "meta": {
    "N_target": 130816,
    "R": 300,
    "HW_new": [
      6,
      7,
      8
    ],
    "seed": 13303298
  },
  "results": {
    "6": {
      "sha": 23.287120841487276,
      "ro_mean": 23.93097694471624,
      "ro_std": 6.895964516617119,
      "z_norm": -0.0933670847170792,
      "p_emp": 0.9368770764119602
    },
    "7": {
      "sha": 17.78864970645792,
      "ro_mean": 23.76605563030006,
      "ro_std": 6.563700868558709,
      "z_norm": -0.9106761632716951,
      "p_emp": 0.36212624584717606
    },
    "8": {
      "sha": 17.162671232876704,
      "ro_mean": 22.95845360404435,
      "ro_std": 6.975207056498831,
      "z_norm": -0.830911874618502,
      "p_emp": 0.3754152823920266
    }
  },
  "even_odd_test": {
    "even_mean": 1.5423031899421513,
    "odd_mean": -0.25117652706174637,
    "mann_whitney_u": 9.0,
    "mann_whitney_p_oneside": 0.2
  }
}