{
  "meta": {
    "N": 130816,
    "F": 64,
    "B": 24,
    "R_RO": 200
  },
  "feature_names": [
    "bit0_i",
    "bit0_j",
    "bit0_ixorj",
    "bit0_sum",
    "bit0_iandj",
    "bit0_iorj",
    "bit1_i",
    "bit1_j",
    "bit1_ixorj",
    "bit1_sum",
    "bit1_iandj",
    "bit1_iorj",
    "bit2_i",
    "bit2_j",
    "bit2_ixorj",
    "bit2_sum",
    "bit2_iandj",
    "bit2_iorj",
    "bit3_i",
    "bit3_j",
    "bit3_ixorj",
    "bit3_sum",
    "bit3_iandj",
    "bit3_iorj",
    "bit4_i",
    "bit4_j",
    "bit4_ixorj",
    "bit4_sum",
    "bit4_iandj",
    "bit4_iorj",
    "bit5_i",
    "bit5_j",
    "bit5_ixorj",
    "bit5_sum",
    "bit5_iandj",
    "bit5_iorj",
    "bit6_i",
    "bit6_j",
    "bit6_ixorj",
    "bit6_sum",
    "bit6_iandj",
    "bit6_iorj",
    "bit7_i",
    "bit7_j",
    "bit7_ixorj",
    "bit7_sum",
    "bit7_iandj",
    "bit7_iorj",
    "bit8_i",
    "bit8_j",
    "bit8_ixorj",
    "bit8_sum",
    "bit8_iandj",
    "bit8_iorj",
    "parity_HWi",
    "parity_HWj",
    "parity_HW_ixorj",
    "parity_low4_i",
    "parity_high5_j",
    "bit0_i_AND_bit0_j",
    "bit3_i_AND_bit3_j",
    "bit0_i_AND_bit5_j",
    "parity_gap",
    "parity_HW_gap"
  ],
  "A_sumz2_sha": [
    16.078124999999993,
    21.099896037181992,
    21.046691536203518,
    21.046691536203518,
    18.977097602739722,
    22.734680772994125,
    26.60857999021526,
    19.183066291585124,
    34.02846746575342,
    35.35539995107631,
    28.298893101761244,
    26.031647504892362,
    27.408849070450096,
    23.60723458904109,
    20.93465631115459,
    20.537029109589035,
    22.004005626223083,
    31.38561032289627,
    36.74911325831702,
    15.488961594911935,
    21.085218933463793,
    19.987126956947158,
    21.2511925146771,
    23.51158879647749,
    21.013545743639916,
    11.83411815068493,
    32.80806629158512,
    23.529201320939336,
    20.20495963796477,
    17.541432240704495,
    23.73015533268101,
    51.00143713307239,
    22.339744373776902,
    28.47636374755381,
    38.146128913894316,
    25.767215019569466,
    26.509387230919756,
    25.830815802348333,
    24.538129892367902,
    15.002660225048919,
    34.5378852739726,
    25.680987035225044,
    39.00327177103718,
    14.858702299412911,
    27.884754158512713,
    17.102709148727982,
    26.69052715264187,
    14.076534980430527,
    20.427562377690798,
    38.38646648727983,
    25.847327544031305,
    26.366285469667314,
    20.427562377690798,
    38.38646648727983,
    26.144538894324846,
    30.975874510763205,
    25.33301736790606,
    25.51770425636007,
    16.139646526418783,
    18.977097602739722,
    21.2511925146771,
    53.692728718199604,
    21.046691536203518,
    19.148697407045006
  ],
  "A_means": [
    24.71590340631116,
    23.90974391511741,
    23.440165881849303,
    23.440165881849303,
    24.034680314334636,
    24.31777840631114,
    23.6886620902642,
    24.395387873043063,
    23.875381146037167,
    24.71956412059687,
    24.047933127446168,
    24.390606806506845,
    24.02037503057728,
    23.48305727128179,
    23.754758592221137,
    24.727676278131117,
    23.69265976638942,
    23.892122829011736,
    24.404940832925615,
    23.664592251712328,
    24.015874052103705,
    23.977374174412923,
    24.58179626345402,
    23.469731684197644,
    24.216697193003924,
    23.957738044275924,
    23.6730572712818,
    24.69837282901171,
    23.796241591242662,
    24.52160484955969,
    24.350513851516634,
    24.066928357387475,
    24.16310558341487,
    24.317698293786687,
    23.940017887720142,
    23.9054111117906,
    24.056083200831686,
    23.940414169520544,
    24.16003868028377,
    23.875978626467695,
    23.66711059809198,
    24.46400272137966,
    23.473955632338548,
    24.11460509417809,
    24.17412258439334,
    23.768414414138938,
    24.407698905332687,
    23.912868915117418,
    23.619607540362036,
    24.431867814334634,
    23.896969942514673,
    24.030668572651667,
    23.619607540362036,
    24.431867814334634,
    23.448908543297442,
    23.761410377935423,
    24.953397902397246,
    24.244063264432487,
    23.858876742906073,
    24.034680314334636,
    24.58179626345402,
    23.61594499143835,
    23.440165881849303,
    23.756496605919757
  ],
  "A_stds": [
    7.768570640336876,
    6.619161411855795,
    6.470409751074272,
    6.470409751074272,
    7.645986079039892,
    6.794713942189618,
    6.711441874692148,
    7.394652394188726,
    7.588094807038771,
    7.588975507618947,
    6.981005579532807,
    7.004923222173345,
    6.759406033833167,
    7.335708069054069,
    6.881720363544097,
    7.526743375898959,
    6.669680827170553,
    7.779279556975891,
    7.608436991369714,
    6.556382781952052,
    7.094883456079406,
    6.699968237325109,
    7.258496505472592,
    6.724837821404524,
    6.602928359982824,
    6.359945281630394,
    5.873385999501598,
    7.157909540686605,
    6.778758679456255,
    7.326539358965312,
    6.965920645631894,
    7.341722227321532,
    7.0375979850581425,
    7.607167254287809,
    6.209798015390535,
    7.51254921240037,
    6.862074231809845,
    6.754587655831191,
    6.826712163377146,
    6.789284623270939,
    7.645790006158663,
    7.007265375281129,
    6.699570939246937,
    6.84647847974852,
    6.475065281238399,
    6.621369139816971,
    7.1142972198705205,
    7.184871731627071,
    6.580104468651563,
    7.150911356110969,
    6.429713387878624,
    7.4264410153234355,
    6.580104468651563,
    7.150911356110969,
    6.250019623887825,
    7.411748709641894,
    7.617893064745782,
    6.941055986156916,
    6.455007237413999,
    7.645986079039892,
    7.258496505472592,
    7.236173824948294,
    6.470409751074272,
    6.643893665017352
  ],
  "A_z_norm": [
    -1.111887734078273,
    -0.4245020937097271,
    -0.36991078428200014,
    -0.36991078428200014,
    -0.661468992921577,
    -0.23298959261364563,
    0.4350656616667784,
    -0.7048771603590418,
    1.3380283955200691,
    1.4014850647233734,
    0.6089323272822201,
    0.2342696195714145,
    0.50129760261661,
    0.016927788918311412,
    -0.40979611668123483,
    -0.5567676429570805,
    -0.2531836506009696,
    0.9632623996864748,
    1.6224321025978734,
    -1.2469727483431403,
    -0.41306599844550174,
    -0.5955621095688699,
    -0.4588558727369764,
    0.006224256017984387,
    -0.48511073795329496,
    -1.9062459434372778,
    1.5553224359983318,
    -0.1633397993403845,
    -0.5297845996733374,
    -0.9527243718842136,
    -0.08905621387240893,
    3.668690797841774,
    -0.2590885716275966,
    0.5466772735176912,
    2.287692931551937,
    0.24782585180350433,
    0.35751639332543633,
    0.2798692872385508,
    0.05538408578472902,
    -1.306959259154434,
    1.421798750308894,
    0.17367464319796203,
    2.3179568183577137,
    -1.3519216955320303,
    0.5730647357133192,
    -1.0066959150981893,
    0.32087895357157015,
    -1.3690340345796785,
    -0.48510554473390793,
    1.9514433864461191,
    0.3033350763649078,
    0.31450016127461655,
    -0.48510554473390793,
    1.9514433864461191,
    0.4312995019606974,
    0.9733821821890069,
    0.04983260624458267,
    0.1834938364519322,
    -1.1958515200022863,
    -0.661468992921577,
    -0.4588558727369764,
    4.15644848428944,
    -0.36991078428200014,
    -0.6935389744626079
  ],