{
  "meta": {
    "N": 130816,
    "R_RO": 20,
    "n_quads": 174792640,
    "target": "state2[bit 10]"
  },
  "sha": {
    "N": 130816,
    "n_quads": 174792640,
    "max_abs_zin": 5.828277,
    "max_abs_zout": 5.855925,
    "max_abs_prod": 17.237891,
    "best_prod": {
      "a": 18,
      "b": 95,
      "c": 123,
      "d": 207,
      "zin": 3.616407,
      "zout": 4.766579,
      "prod": 17.237891
    },
    "chain_sum": -5275.577259,
    "direct_signal_z": -3.91501,
    "chain_fraction": 1347.526042,
    "n_both_gt_2": 364738,
    "n_both_gt_3": 1246
  },
  "ro_chain": {
    "mean": 479.6978974,
    "std": 899.7827340872451,
    "values": [
      -1784.720183,
      34.155458,
      219.395024,
      2162.588847,
      -181.032593,
      1760.329725,
      612.884962,
      10.819528,
      578.468081,
      1970.190322,
      68.579061,
      953.009476,
      -380.915118,
      883.934506,
      363.887411,
      -151.961038,
      1021.316572,
      -146.737881,
      726.456392,
      873.309396
    ]
  },
  "ro_direct": {
    "mean": 0.3599819,
    "std": 0.6715500265080309,
    "values": [
      -1.343711,
      0.022119,
      0.149301,
      1.620195,
      -0.110593,
      1.321592,
      0.458963,
      0.011059,
      0.381548,
      1.476423,
      0.022119,
      0.713328,
      -0.232246,
      0.669091,
      0.287543,
      -0.105064,
      0.785214,
      -0.094004,
      0.558497,
      0.608264
    ]
  },
  "ro_maxp": {
    "mean": 17.941603500000003,
    "std": 1.1009736215444896,
    "values": [
      17.482265,
      18.311246,
      18.357449,
      21.277397,
      18.695695,
      18.204195,
      17.382216,
      17.045591,
      17.402764,
      19.035714,
      17.566659,
      17.384418,
      17.60225,
      16.414873,
      17.483152,
      17.917136,
      16.344423,
      18.035837,
      17.452299,
      19.436491
    ]
  },
  "z_chain": -6.3962942812391805,
  "p_chain": 0.047619047619047616,
  "z_direct": -6.365857689306303,
  "p_direct": 0.047619047619047616
}