{
  "meta": {
    "HW": 4,
    "N_target": 130816,
    "R": 200,
    "n_seeds": 10
  },
  "z_per_seed": [
    -1.3801531039497308,
    0.2663416983780721,
    -1.7049781708668,
    0.5173161668701067,
    -0.5789196568255197,
    -1.015644953778644,
    0.243096333146869,
    1.902411386901006,
    -0.9456117784412585,
    -0.19946989271576845
  ],
  "sha_sumz2_per_seed": [
    13.758592221135025,
    25.917074363992167,
    11.162640655577295,
    26.85897749510763,
    20.7272810665362,
    17.624449608610565,
    26.14756604696673,
    37.16967343444227,
    16.68074241682974,
    22.990001223091973
  ],
  "mean_z": -0.28956119712816675,
  "std_z": 1.0693085839027763,
  "t_stat": -0.8563224112425799,
  "t_p": 0.41403712003514515
}