{
  "meta": {
    "N": 130816,
    "R": 300,
    "HW": 4,
    "seed": 13303299,
    "bonf": 0.00625
  },
  "results": {
    "bit5_min": {
      "sha": 11.117202788649704,
      "ro_mean": 24.21993058953033,
      "ro_std": 6.732454723563687,
      "z_norm": -1.9462036268912275,
      "p_emp": 0.046511627906976744
    },
    "bit5_2nd_min": {
      "sha": 29.83583047945205,
      "ro_mean": 23.70870321673189,
      "ro_std": 6.807552482449539,
      "z_norm": 0.9000484797607399,
      "p_emp": 0.3754152823920266
    },
    "bit5_2nd_max": {
      "sha": 30.829959637964762,
      "ro_mean": 24.26976037589693,
      "ro_std": 7.242453042925834,
      "z_norm": 0.9057979697190579,
      "p_emp": 0.3521594684385382
    },
    "bit5_max": {
      "sha": 19.471287915851274,
      "ro_mean": 23.74810329011741,
      "ro_std": 6.515765163498383,
      "z_norm": -0.6563796065311028,
      "p_emp": 0.53156146179402
    },
    "bit5_min_XOR_max": {
      "sha": 20.67841854207436,
      "ro_mean": 23.726419296314415,
      "ro_std": 7.1298099622768225,
      "z_norm": -0.42750098114350155,
      "p_emp": 0.6777408637873754
    },
    "bit5_parity_all": {
      "sha": 24.175116193737765,
      "ro_mean": 23.391657391552506,
      "ro_std": 7.104098430109149,
      "z_norm": 0.11028265020438645,
      "p_emp": 0.893687707641196
    },
    "bit5_sum_all": {
      "sha": 27.408359833659482,
      "ro_mean": 23.199624612687536,
      "ro_std": 6.7279811109023635,
      "z_norm": 0.6255569318040886,
      "p_emp": 0.4983388704318937
    },
    "bit5_sum_mod32": {
      "sha": 24.156402886497062,
      "ro_mean": 23.85679233936725,
      "ro_std": 6.58773483290319,
      "z_norm": 0.045480055698868455,
      "p_emp": 0.9667774086378738
    }
  }
}