{
  "meta": {
    "N": 130816,
    "R": 500,
    "feature": "bit5_max",
    "HW": 2,
    "n_out_bits": 256
  },
  "sha_z_per_bit": [
    0.4479036296438564,
    -0.4147255830035707,
    -2.1565730316185676,
    -1.1059348880095219,
    1.6091352620538546,
    2.366700660340377,
    0.7243873516462368,
    -0.17141990764147588,
    0.25436502424219004,
    -1.5759572154135688,
    -3.9150095035537076,
    1.4211263310922357,
    -0.09953413992085697,
    1.2054690279303788,
    -1.0727568413692363,
    1.3271218656114263,
    1.0948755391294267,
    0.13271218656114261,
    -1.3437108889315692,
    0.8239214915670938,
    0.5363784206846182,
    -1.9187970306965207,
    -1.1944096790502836,
    -1.6257242853739973,
    1.415596656652188,
    0.5197893973644753,
    -1.3160625167313311,
    0.4700223274040468,
    1.0506381436090457,
    0.25989469868223763,
    0.226716652041952,
    -0.5308487462445705,
    0.6303828861654275,
    -2.0625685661377586,
    2.5712986146221386,
    -2.123394984978282,
    -0.5363784206846182,
    0.18800893096161872,
    -2.8256636388643286,
    -0.9013369337277604,
    0.38154753636328503,
    0.37048818748318985,
    0.15483088432133307,
    0.5750861417649514,
    2.477294149141329,
    0.20459795428176156,
    0.9898117247685221,
    0.4479036296438564,
    -0.3649585130431422,
    -0.5197893973644753,
    0.326250791962809,
    2.3445819625801865,
    0.6580312583656656,
    0.6193235372853323,
    0.5032003740443325,
    -0.40366623412347546,
    0.5529674440047609,
    1.487482424372807,
    1.089345864689379,
    -0.779684096046713,
    1.824792565215711,
    1.089345864689379,
    0.1161231632409998,
    1.1501722835299029,
    -1.7252584252948542,
    -0.9676930270083317,
    -1.6036055876138067,
    -0.652501583925618,
    -0.22118697760190437,
    1.216528376810474,
    -0.022118697760190438,
    -1.1004052135694742,
    0.011059348880095219,
    0.2377760009220472,
    0.6690906072457607,
    -1.9077376818164253,
    -1.3934779588919977,
    0.9511040036881888,
    -0.9953413992085697,
    -1.0285194458488554,
    0.0055296744400476095,
    0.33731014084290417,
    0.17141990764147588,
    2.2008104271389484,
    0.07188576772061893,
    0.11059348880095218,
    0.9676930270083317,
    -0.9455743292481412,
    0.962163352568284,
    -0.40366623412347546,
    2.0183311706173774,
    0.27648372200238047,
    -0.7741544216066654,
    0.11059348880095218,
    -1.1999393534903313,
    -1.2718251212109501,
    -1.8635002862960446,
    1.1557019579699503,
    0.5529674440047609,
    -0.20459795428176156,
    0.6469719094855703,
    -0.39813655968342787,
    -0.12718251212109502,
    -0.37601786192323744,
    0.8736885615275223,
    -0.17141990764147588,
    0.226716652041952,
    0.10506381436090458,
    -0.26542437312228523,
    2.4607051258211863,
    -0.43131460632371355,
    0.08294511660071414,
    -1.3160625167313311,
    1.0395787947289505,
    0.5584971184448085,
    0.044237395520380876,
    -0.24330567536209483,
    -0.19353860540166634,
    0.49214102516423724,
    0.5695564673249037,
    0.40366623412347546,
    -1.2275877256905694,
    -0.03870772108033327,
    -0.9842820503284745,
    0.652501583925618,
    -0.4147255830035707,
    -2.1455136827384726,
    0.37048818748318985,
    -0.1161231632409998,
    0.7741544216066654,
    -1.4819527499327594,
    0.9455743292481412,
    0.32072111752276133,
    -0.9842820503284745,
    -0.8570995382073795,
    -0.1658902332014283,
    0.5308487462445705,
    1.924326705136568,
    -0.9566336781282364,
    0.3649585130431422,
    0.20459795428176156,
    -0.25989469868223763,
    -0.05529674440047609,
    0.5087300484843801,
    2.095746612778044,
    2.1952807526989013,
    -0.38154753636328503,
    -1.38794828445195,
    -0.43684428076376114,
    -0.2930727453225233,
    -0.2875430708824757,
    -0.08294511660071414,
    -0.16036055876138067,
    -2.0349201939375203,
    -0.24330567536209483,
    0.33731014084290417,
    -0.4202552574436183,
    -0.5529674440047609,
    -0.934514980368046,
    1.116994236889617,
    -0.962163352568284,
    -0.6359125606054751,
    -2.233988473779234,
    0.9511040036881888,
    0.2930727453225233,
    -0.2377760009220472,
    0.6635609328057132,
    0.42578493188366595,
    -0.2986024197625709,
    -0.18800893096161872,
    -1.089345864689379,
    1.4985417732529023,
    -0.9898117247685221,
    -0.6690906072457607,
    0.6303828861654275,
    0.5308487462445705,
    -1.2552360978908073,
    -0.14377153544123786,
    -0.27648372200238047,
    0.7188576772061892,
    1.0119304225287125,
    -1.1557019579699503,
    0.4147255830035707,
    0.4202552574436183,
    -0.3483694897229994,
    -0.779684096046713,
    0.28201339644242807,
    -0.16036055876138067,
    -1.216528376810474,
    -1.1888800046102361,
    -0.15483088432133307,
    -0.4700223274040468,
    -1.288414144531093,
    0.9234556314879507,
    -0.6635609328057132,
    0.0055296744400476095,
    0.31519144308271374,
    -1.8358519140958063,
    0.9787523758884269,
    -0.5032003740443325,
    0.05529674440047609,
    0.20459795428176156,
    0.7299170260862844,
    0.7962731193668557,
    -1.216528376810474,
    -2.305874241499853,
    0.48661135072418965,
    -1.4100669822121403,
    -1.3160625167313311,
    -1.4211263310922357,
    -3.019202244265995,
    -1.6976100530946163,
    0.8902775848476652,
    1.2275877256905694,
    0.17141990764147588,
    1.7307880997349019,
    -0.11059348880095218,
    0.033178046640285654,
    -0.7133280027661416,
    0.7465060494064273,
    0.08847479104076175,
    -0.8736885615275223,
    0.707798328326094,
    0.38154753636328503,
    -0.027648372200238046,
    0.6580312583656656,
    1.38794828445195,
    -1.7916145185754255,
    -0.2377760009220472,
    1.2331174001306169,
    -0.3926068852433803,
    -0.7686247471666177,
    0.2322463264819996,
    -0.11059348880095218,
    0.6248532117253799,
    -0.5419080951246658,
    0.31519144308271374,
    -1.034049120288903,
    0.7520357238464749,
    -2.239518148219282,
    -0.707798328326094,
    0.8460401893272842,
    -0.10506381436090458,
    0.42578493188366595,
    -0.19906827984171394,
    -0.0055296744400476095,
    -0.2377760009220472,
    -2.068098240577806,
    -0.3041320942026185,
    0.1769495820815235,
    -0.652501583925618,
    -1.6589023320142828,
    -0.12718251212109502,
    0.1824792565215711,
    -0.5032003740443325,
    0.5419080951246658
  ],
  "sha_sumz2": 284.8594667318982,
  "sha_maxz": 3.9150095035537076,
  "sha_max_bit_idx": 10,
  "sumz2": {
    "sha": 284.8594667318982,
    "ro_mean": 255.3673773238747,
    "ro_std": 22.548398717230597,
    "z_norm": 1.307946066497697,
    "p_emp": 0.1996007984031936
  },
  "maxz": {
    "sha": 3.9150095035537076,
    "ro_mean": 3.036355294379023,
    "ro_std": 0.3654040031907258,
    "z_norm": 2.4046102437363377,
    "p_emp": 0.023952095808383235,
    "ro_q95": 3.649585130431422,
    "ro_q99": 4.126574847629929
  },
  "significant_bits": [
    {
      "bit": 10,
      "z": -3.9150095035537076
    },
    {
      "bit": 210,
      "z": -3.019202244265995
    }
  ]
}