{
  "meta": {
    "N": 130816,
    "R_RO": 30,
    "rounds": [
      4,
      8,
      12,
      16,
      20,
      24,
      32,
      48,
      64
    ],
    "feature": "bit5_max",
    "target": "state2[bit 10]"
  },
  "sha_chain": {
    "4": {
      "chain_1": -6.178927898406982,
      "chain_2": -890.3865356445312,
      "chain_3": -79696.04907,
      "time": 4.845430374145508
    },
    "8": {
      "chain_1": -6.509227752685547,
      "chain_2": -618.7692260742188,
      "chain_3": -46915.633031,
      "time": 4.884095668792725
    },
    "12": {
      "chain_1": 0.17031966149806976,
      "chain_2": -3.275599241256714,
      "chain_3": 109.86013,
      "time": 4.71374249458313
    },
    "16": {
      "chain_1": 0.4289589524269104,
      "chain_2": 18.637807846069336,
      "chain_3": 726.68221,
      "time": 4.813445329666138
    },
    "20": {
      "chain_1": -0.018713971599936485,
      "chain_2": -1.1336371898651123,
      "chain_3": -88.062979,
      "time": 4.8068742752075195
    },
    "24": {
      "chain_1": 0.054343122988939285,
      "chain_2": -1.8349961042404175,
      "chain_3": -87.219565,
      "time": 4.8649492263793945
    },
    "32": {
      "chain_1": -0.02043590508401394,
      "chain_2": -0.6808488368988037,
      "chain_3": -87.301866,
      "time": 5.026108741760254
    },
    "48": {
      "chain_1": 0.028231965377926826,
      "chain_2": -1.1805514097213745,
      "chain_3": -88.597385,
      "time": 5.209748983383179
    },
    "64": {
      "chain_1": -0.0034763363655656576,
      "chain_2": -1.9258966445922852,
      "chain_3": -83.100501,
      "time": 5.751448631286621
    }
  },
  "ro_band": {
    "chain_1": {
      "mean": 0.0006006320239976048,
      "std": 0.03831500030320956,
      "values": [
        -0.06269073486328125,
        -0.006898392457515001,
        0.03302215039730072,
        -0.031423307955265045,
        -0.03997490927577019,
        0.021278269588947296,
        0.03049479052424431,
        -0.018240030854940414,
        -0.03504766896367073,
        0.012930838391184807,
        0.005945190321654081,
        0.07304804772138596,
        -0.025714237242937088,
        -0.0025322597939521074,
        -0.0021562275942415,
        -0.030166348442435265,
        0.02746391110122204,
        0.0471494160592556,
        -0.052814699709415436,
        -0.06328479200601578,
        0.041157230734825134,
        -0.00822561327368021,
        0.016534073278307915,
        -0.0673101469874382,
        -0.0016634438652545214,
        0.013530496507883072,
        0.06518841534852982,
        -0.008019838482141495,
        0.03111676126718521,
        0.05532202124595642
      ]
    },
    "chain_2": {
      "mean": -1.1070248631139596,
      "std": 0.5012146575279778,
      "values": [
        -1.4425686597824097,
        -1.3852572441101074,
        -0.8656461238861084,
        -0.8172166347503662,
        -1.4931062459945679,
        0.15459726750850677,
        -1.691101312637329,
        -0.49118417501449585,
        -0.7601819038391113,
        -1.5473341941833496,
        -1.014275312423706,
        -1.0581691265106201,
        -0.8789217472076416,
        -1.3707295656204224,
        -0.7275117635726929,
        -1.1972049474716187,
        -1.60015869140625,
        -1.2638859748840332,
        -1.5898492336273193,
        -1.3370732069015503,
        -0.9006434082984924,
        -0.9475924372673035,
        -1.8847622871398926,
        -0.8338852524757385,
        -2.025932788848877,
        0.12008141726255417,
        -0.7395564913749695,
        -1.057050108909607,
        -1.4280489683151245,
        -1.136576771736145
      ]
    },
    "chain_3": {
      "mean": -83.54162463333334,
      "std": 3.791278129284148,
      "values": [
        -84.694757,
        -78.985881,
        -84.904091,
        -76.325991,
        -85.849697,
        -80.367844,
        -90.387622,
        -88.481067,
        -83.293116,
        -79.181262,
        -84.141002,
        -82.754859,
        -85.288234,
        -82.317963,
        -88.098246,
        -85.620525,
        -82.972107,
        -81.728354,
        -81.010314,
        -86.372227,
        -87.951391,
        -86.311397,
        -89.096097,
        -82.61408,
        -82.875123,
        -81.315286,
        -73.331318,
        -83.546523,
        -80.236491,
        -86.195874
      ]
    }
  },
  "zmap": {
    "4": {
      "z1": -161.2822258000435,
      "z2": -1774.248812210321,
      "z3": -20998.85704254537
    },
    "8": {
      "z1": -169.9028665847154,
      "z2": -1232.330682940227,
      "z3": -12352.58659728277
    },
    "12": {
      "z1": 4.42957139843361,
      "z2": -4.326637989476005,
      "z3": 51.01228346701395
    },
    "16": {
      "z1": 11.1799117059391,
      "z2": 39.39396506591817,
      "z3": 213.707305822566
    },
    "20": {
      "z1": -0.5041003124386286,
      "z2": -0.05309566739808913,
      "z3": -1.1925673117314552
    },
    "24": {
      "z1": 1.402648846134546,
      "z2": -1.4524141107861006,
      "z3": -0.9701056586320965
    },
    "32": {
      "z1": -0.5490418097752008,
      "z2": 0.8502864387827022,
      "z3": -0.99181364132118
    },
    "48": {
      "z1": 0.7211622898412089,
      "z2": -0.14669672066266462,
      "z3": -1.33352399751829
    },
    "64": {
      "z1": -0.10640658638391667,
      "z2": -1.6337746096992707,
      "z3": 0.11635222167587021
    }
  }
}