{
  "omega_1": -0.0551591719530972,
  "omega_2": 0.4429045550445397,
  "omega_3": 0.9794644956644659,
  "same_sign": {
    "k1": 119,
    "k2": 159,
    "k3": 240
  },
  "direct_z": [
    0.4479036331176758,
    -0.4147256016731262,
    -2.1565730571746826,
    -1.1059348583221436,
    1.6091352701187134,
    2.3667006492614746,
    0.7243873476982117,
    -0.1714199185371399,
    0.2543650269508362,
    -1.5759572982788086,
    -3.9150094985961914,
    1.421126365661621,
    -0.09953413903713226,
    1.205469012260437,
    -1.0727568864822388,
    1.3271218538284302,
    1.0948755741119385,
    0.13271218538284302,
    -1.3437108993530273,
    0.8239215016365051,
    0.5363784432411194,
    -1.9187971353530884,
    -1.194409728050232,
    -1.6257243156433105,
    1.4155967235565186,
    0.5197893977165222,
    -1.316062569618225,
    0.4700223505496979,
    1.050638198852539,
    0.2598946988582611,
    0.22671665251255035,
    -0.5308487415313721,
    0.6303828954696655,
    -2.0625686645507812,
    2.571298599243164,
    -2.1233949661254883,
    -0.5363784432411194,
    0.18800893425941467,
    -2.8256638050079346,
    -0.9013369679450989,
    0.3815475404262543,
    0.3704881966114044,
    0.15483088791370392,
    0.5750861763954163,
    2.4772942066192627,
    0.20459796488285065,
    0.9898117780685425,
    0.4479036331176758,
    -0.3649585247039795,
    -0.5197893977165222,
    0.3262507915496826,
    2.3445820808410645,
    0.6580312848091125,
    0.6193235516548157,
    0.5032004117965698,
    -0.40366625785827637,
    0.5529674291610718,
    1.4874824285507202,
    1.089345932006836,
    -0.7796841263771057,
    1.8247926235198975,
    1.089345932006836,
    0.11612316966056824,
    1.1501723527908325,
    -1.725258469581604,
    -0.967693030834198,
    -1.6036056280136108,
    -0.6525015830993652,
    -0.22118698060512543,
    1.2165284156799316,
    -0.022118698805570602,
    -1.100405216217041,
    0.011059349402785301,
    0.2377760112285614,
    0.6690906286239624,
    -1.9077377319335938,
    -1.3934780359268188,
    0.9511040449142456,
    -0.995341420173645,
    -1.0285195112228394,
    0.005529674701392651,
    0.33731013536453247,
    0.1714199185371399,
    2.200810432434082,
    0.07188577204942703,
    0.11059349030256271,
    0.967693030834198,
    -0.9455743432044983,
    0.9621633887290955,
    -0.40366625785827637,
    2.018331289291382,
    0.2764837145805359,
    -0.7741544246673584,
    0.11059349030256271,
    -1.1999393701553345,
    -1.2718251943588257,
    -1.8635003566741943,
    1.155701994895935,
    0.5529674291610718,
    -0.20459796488285065,
    0.6469719409942627,
    -0.39813655614852905,
    -0.1271825134754181,
    -0.37601786851882935,
    0.8736885786056519,
    -0.1714199185371399,
    0.22671665251255035,
    0.10506381839513779,
    -0.26542437076568604,
    2.460705280303955,
    -0.431314617395401,
    0.08294511586427689,
    -1.316062569618225,
    1.0395787954330444,
    0.5584971308708191,
    0.044237397611141205,
    -0.24330568313598633,
    -0.1935386061668396,
    0.4921410381793976,
    0.569556474685669,
    0.40366625785827637,
    -1.2275876998901367,
    -0.03870772197842598,
    -0.9842820763587952,
    0.6525015830993652,
    -0.4147256016731262,
    -2.1455137729644775,
    0.3704881966114044,
    -0.11612316966056824,
    0.7741544246673584,
    -1.4819527864456177,
    0.9455743432044983,
    0.3207211196422577,
    -0.9842820763587952,
    -0.8570995330810547,
    -0.16589023172855377,
    0.5308487415313721,
    1.924326777458191,
    -0.9566336870193481,
    0.3649585247039795,
    0.20459796488285065,
    -0.2598946988582611,
    -0.05529674515128136,
    0.5087300539016724,
    2.0957467555999756,
    2.1952807903289795,
    -0.3815475404262543,
    -1.3879482746124268,
    -0.4368442893028259,
    -0.29307276010513306,
    -0.28754308819770813,
    -0.08294511586427689,
    -0.16036055982112885,
    -2.0349202156066895,
    -0.24330568313598633,
    0.33731013536453247,
    -0.42025527358055115,
    -0.5529674291610718,
    -0.9345149993896484,
    1.1169942617416382,
    -0.9621633887290955,
    -0.6359125971794128,
    -2.2339885234832764,
    0.9511040449142456,
    0.29307276010513306,
    -0.2377760112285614,
    0.6635609269142151,
    0.4257849454879761,
    -0.298602432012558,
    -0.18800893425941467,
    -1.089345932006836,
    1.4985418319702148,
    -0.9898117780685425,
    -0.6690906286239624,
    0.6303828954696655,
    0.5308487415313721,
    -1.2552361488342285,
    -0.14377154409885406,
    -0.2764837145805359,
    0.7188577055931091,
    1.0119304656982422,
    -1.155701994895935,
    0.4147256016731262,
    0.42025527358055115,
    -0.3483695089817047,
    -0.7796841263771057,
    0.2820134162902832,
    -0.16036055982112885,
    -1.2165284156799316,
    -1.1888800859451294,
    -0.15483088791370392,
    -0.4700223505496979,
    -1.2884141206741333,
    0.9234556555747986,
    -0.6635609269142151,
    0.005529674701392651,
    0.31519144773483276,
    -1.8358519077301025,
    0.9787523746490479,
    -0.5032004117965698,
    0.05529674515128136,
    0.20459796488285065,
    0.729917049407959,
    0.7962731122970581,
    -1.2165284156799316,
    -2.3058743476867676,
    0.48661136627197266,
    -1.4100669622421265,
    -1.316062569618225,
    -1.421126365661621,
    -3.01920223236084,
    -1.6976101398468018,
    0.890277624130249,
    1.2275876998901367,
    0.1714199185371399,
    1.7307881116867065,
    -0.11059349030256271,
    0.033178046345710754,
    -0.7133280038833618,
    0.7465060949325562,
    0.08847479522228241,
    -0.8736885786056519,
    0.7077983617782593,
    0.3815475404262543,
    -0.02764837257564068,
    0.6580312848091125,
    1.3879482746124268,
    -1.7916145324707031,
    -0.2377760112285614,
    1.2331174612045288,
    -0.3926068842411041,
    -0.7686247825622559,
    0.23224633932113647,
    -0.11059349030256271,
    0.624853253364563,
    -0.5419080853462219,
    0.31519144773483276,
    -1.034049153327942,
    0.7520357370376587,
    -2.239518165588379,
    -0.7077983617782593,
    0.8460401892662048,
    -0.10506381839513779,
    0.4257849454879761,
    -0.19906827807426453,
    -0.005529674701392651,
    -0.2377760112285614,
    -2.068098306655884,
    -0.3041321039199829,
    0.17694959044456482,
    -0.6525015830993652,
    -1.6589024066925049,
    -0.1271825134754181,
    0.18247926235198975,
    -0.5032004117965698,
    0.5419080853462219
  ],