{
  "meta": {
    "N": 130816,
    "thresh_3sig": 0.18823674154144757
  },
  "features": {
    "bit0_max": {
      "omega_1": 0.015281731649607607,
      "omega_2": 0.42360150503586347,
      "max_direct_z": 3.1629738807678223
    },
    "bit1_max": {
      "omega_1": 0.009715779505038701,
      "omega_2": 0.5509210845186039,
      "max_direct_z": 3.2846267223358154
    },
    "bit2_max": {
      "omega_1": 0.04702691005436092,
      "omega_2": 0.5187830079348393,
      "max_direct_z": 2.621065855026245
    },
    "bit3_max": {
      "omega_1": -0.025896762518574444,
      "omega_2": 0.4286978125495914,
      "max_direct_z": 2.7150702476501465
    },
    "bit4_max": {
      "omega_1": 0.07832494262242437,
      "omega_2": 0.4325686227193501,
      "max_direct_z": 2.6542437076568604
    },
    "bit5_max": {
      "omega_1": -0.0551591719530972,
      "omega_2": 0.4429045550445397,
      "max_direct_z": 3.9150094985961914
    },
    "bit6_max": {
      "omega_1": 0.04124997494288894,
      "omega_2": 0.4366827207134694,
      "max_direct_z": 3.041321039199829
    },
    "bit7_max": {
      "omega_1": -0.04762816221869388,
      "omega_2": 0.43938001592274334,
      "max_direct_z": 2.460705280303955
    },
    "bit8_max": {
      "omega_1": 0.0747109079713062,
      "omega_2": 0.4222542130199031,
      "max_direct_z": 3.080028772354126
    },
    "bit5_min": {
      "omega_1": 0.008199526299715097,
      "omega_2": 0.4068501966002914,
      "max_direct_z": 3.4339280128479004
    },
    "bit5_xor": {
      "omega_1": 0.07497674043938099,
      "omega_2": 0.35961034156725297,
      "max_direct_z": 2.991554021835327
    },
    "parity_HW_max": {
      "omega_1": 0.005982077707574351,
      "omega_2": 0.39777089912022673,
      "max_direct_z": 3.4062795639038086
    }
  }
}