{
  "meta": {
    "N_pairs": 200000
  },
  "near_collision_128": {
    "omega_1": 0.9993948655147009,
    "ss1": 253,
    "omega_2": 0.3308364361035991,
    "ss2": 161,
    "max_dz": 3.049996852874756
  },
  "very_near_120": {
    "omega_1": 0.9993136055947887,
    "ss1": 249,
    "omega_2": 0.40034247641084564,
    "ss2": 166,
    "max_dz": 3.456961154937744
  },
  "hw_parity": {
    "omega_1": 0.9994860418602095,
    "ss1": 250,
    "omega_2": 0.41733920495197335,
    "ss2": 155,
    "max_dz": 2.5714781284332275
  },
  "hw_stats": {
    "mean": 128.01198,
    "std": 8.01167438676835,
    "min": 95,
    "max": 164
  },
  "thresh_3sig": 0.18823674154144757
}