{
  "meta": {
    "N_total": 400000,
    "N_train": 200000,
    "N_test": 200000
  },
  "corr_score_hw": 0.00019855816169625422,
  "score_stats": {
    "mean": 0.2144698202610016,
    "std": 178.72731018066406
  },
  "hw_stats": {
    "mean": 128.01661,
    "std": 7.9788272388804105
  }
}