{
  "meta": {
    "N": 200000,
    "thresh": 0.18823674154144757
  },
  "results": {
    "near128": {
      "omega_1": -0.04575111387133763,
      "ss1": 202,
      "omega_2": 0.41549630331627135,
      "ss2": 256,
      "max_dz": 25.455398559570312,
      "sig_1": "no",
      "sig_2": "YES"
    },
    "vnear120": {
      "omega_1": 0.049862426988777936,
      "ss1": 170,
      "omega_2": 0.42947596497363755,
      "ss2": 256,
      "max_dz": 15.348370552062988,
      "sig_1": "no",
      "sig_2": "YES"
    },
    "hw_lsb": {
      "omega_1": 0.0921901132225953,
      "ss1": 120,
      "omega_2": 0.30939703488834547,
      "ss2": 148,
      "max_dz": 3.4703774452209473,
      "sig_1": "no",
      "sig_2": "YES"
    }
  }
}