{
  "meta": {
    "N": 200000,
    "rounds": [
      8,
      12,
      16,
      20
    ]
  },
  "results": {
    "8": {
      "hw_e_mean": 15.998774528503418,
      "hw_e_std": 2.8298521041870117,
      "corr_e": -0.004519568152158275,
      "corr_full": -0.002748310040828874,
      "corr_a": 0.0021172053836697284,
      "top5_hw": 15.938899993896484,
      "bot5_hw": 16.02750015258789,
      "z_top": -2.056224822998047,
      "z_bot": 1.0713375806808472
    },
    "12": {
      "hw_e_mean": 15.995940208435059,
      "hw_e_std": 2.837002754211426,
      "corr_e": 2.8486776117756625e-05,
      "corr_full": 0.0037673879658374127,
      "corr_a": 0.002689757175877484,
      "top5_hw": 16.01729965209961,
      "bot5_hw": 15.97439956665039,
      "z_top": 0.5325325727462769,
      "z_bot": -0.9834429621696472
    },
    "16": {
      "hw_e_mean": 16.00221061706543,
      "hw_e_std": 2.8289263248443604,
      "corr_e": -0.005767076930968025,
      "corr_full": -0.0027279284294095558,
      "corr_a": 0.00192453660483531,
      "top5_hw": 15.95680046081543,
      "bot5_hw": 16.04400062561035,
      "z_top": -1.7141989469528198,
      "z_bot": 1.3672207593917847
    },
    "20": {
      "hw_e_mean": 16.00639533996582,
      "hw_e_std": 2.8234877586364746,
      "corr_e": 0.002747895396195619,
      "corr_full": 0.00654661389877727,
      "corr_a": 0.004787983007890469,
      "top5_hw": 16.03420066833496,
      "bot5_hw": 15.959600448608398,
      "z_top": 0.7787473201751709,
      "z_bot": -1.8665857315063477
    }
  }
}