{
  "meta": {
    "N_total": 5000000,
    "rounds": [
      8,
      12,
      16,
      20
    ]
  },
  "results": {
    "8": {
      "corr": 0.0008732232012223672,
      "z": 1.3806865585081498,
      "N_test": 2500000,
      "std_corr": 0.0006324557850160405,
      "hw_mean": 15.999406814575195,
      "hw_std": 2.826653242111206,
      "top5_hw": 16.007047653198242,
      "bot5_hw": 15.992759704589844,
      "z_top": 0.9557042717933655,
      "z_bot": -0.8314102292060852
    },
    "12": {
      "corr": 0.0007452253643839297,
      "z": 1.1783042894690718,
      "N_test": 2500000,
      "std_corr": 0.0006324557850160405,
      "hw_mean": 15.997629165649414,
      "hw_std": 2.8275842666625977,
      "top5_hw": 15.991864204406738,
      "bot5_hw": 15.99614429473877,
      "z_top": -0.7208350300788879,
      "z_bot": -0.18566420674324036
    },
    "16": {
      "corr": 0.0006788309736855401,
      "z": 1.0733255822275758,
      "N_test": 2500000,
      "std_corr": 0.0006324557850160405,
      "hw_mean": 16.001935958862305,
      "hw_std": 2.831559181213379,
      "top5_hw": 16.015439987182617,
      "bot5_hw": 15.999711990356445,
      "z_top": 1.6861364841461182,
      "z_bot": -0.277688592672348
    },
    "20": {
      "corr": 0.0008449869145208158,
      "z": 1.3360410870451362,
      "N_test": 2500000,
      "std_corr": 0.0006324557850160405,
      "hw_mean": 15.998950004577637,
      "hw_std": 2.828274726867676,
      "top5_hw": 16.015024185180664,
      "bot5_hw": 15.99570369720459,
      "z_top": 2.009381055831909,
      "z_bot": -0.40581032633781433
    }
  }
}