{
  "N_per_test": 1000,
  "results": {
    "8": {
      "forward_time_s": 0.06289172172546387,
      "reverse_time_s": 0.06849241256713867,
      "ratio": 1.0890529101130837,
      "us_per_round_fwd": 7.861465215682983,
      "us_per_round_rev": 8.561551570892334
    },
    "12": {
      "forward_time_s": 0.10061478614807129,
      "reverse_time_s": 0.10289192199707031,
      "ratio": 1.0226322187441501,
      "us_per_round_fwd": 8.384565512339273,
      "us_per_round_rev": 8.574326833089193
    },
    "16": {
      "forward_time_s": 0.12462258338928223,
      "reverse_time_s": 0.1291518211364746,
      "ratio": 1.0363436355114262,
      "us_per_round_fwd": 7.788911461830139,
      "us_per_round_rev": 8.071988821029663
    },
    "20": {
      "forward_time_s": 0.1621248722076416,
      "reverse_time_s": 0.16142535209655762,
      "ratio": 0.9956853004627935,
      "us_per_round_fwd": 8.10624361038208,
      "us_per_round_rev": 8.07126760482788
    },
    "24": {
      "forward_time_s": 0.1934831142425537,
      "reverse_time_s": 0.19124650955200195,
      "ratio": 0.9884403106735821,
      "us_per_round_fwd": 8.061796426773071,
      "us_per_round_rev": 7.968604564666748
    },
    "32": {
      "forward_time_s": 0.2440786361694336,
      "reverse_time_s": 0.26874256134033203,
      "ratio": 1.1010490944966496,
      "us_per_round_fwd": 7.6274573802948,
      "us_per_round_rev": 8.398205041885376
    },
    "48": {
      "forward_time_s": 0.38631343841552734,
      "reverse_time_s": 0.3913688659667969,
      "ratio": 1.0130863362455225,
      "us_per_round_fwd": 8.04819663365682,
      "us_per_round_rev": 8.153518040974935
    },
    "64": {
      "forward_time_s": 0.5154464244842529,
      "reverse_time_s": 0.5197887420654297,
      "ratio": 1.0084243820015273,
      "us_per_round_fwd": 8.053850382566452,
      "us_per_round_rev": 8.121699094772339
    }
  },
  "runtime_sec": 3.705319404602051
}