{
  "K": 200000000,
  "T": 2000000,
  "channels": [
    "a61",
    "a60",
    "e62"
  ],
  "N_pairs": 2019928,
  "min_hw": 78,
  "expected_uniform": 84.89109986994848,
  "top30": [
    [
      78,
      39734945,
      159711077
    ],
    [
      78,
      106022542,
      41355094
    ],
    [
      79,
      25749111,
      158580250
    ],
    [
      79,
      120659637,
      5438184
    ],
    [
      79,
      139682539,
      181847688
    ],
    [
      79,
      151727968,
      182654301
    ],
    [
      79,
      174119603,
      192871982
    ],
    [
      80,
      49766898,
      76319055
    ],
    [
      80,
      52077893,
      155094938
    ],
    [
      80,
      88414048,
      13121120
    ],
    [
      80,
      94351156,
      95554418
    ],
    [
      80,
      99672328,
      93046608
    ],
    [
      80,
      104103049,
      100559413
    ],
    [
      80,
      106256077,
      64291619
    ],
    [
      80,
      144541875,
      174946798
    ],
    [
      80,
      144675982,
      194071166
    ],
    [
      80,
      145291050,
      199054208
    ],
    [
      80,
      181764874,
      130634344
    ],
    [
      80,
      197573932,
      119183333
    ],
    [
      81,
      304066,
      56191566
    ],
    [
      81,
      3510692,
      55850349
    ],
    [
      81,
      56736076,
      122966878
    ],
    [
      81,
      70328404,
      53538568
    ],
    [
      81,
      76336578,
      158046158
    ],
    [
      81,
      83014527,
      28473327
    ],
    [
      81,
      100494149,
      147538354
    ],
    [
      81,
      114375559,
      37211645
    ],
    [
      81,
      129116156,
      126090750
    ],
    [
      81,
      136665238,
      145387130
    ],
    [
      81,
      152997618,
      110668578
    ]
  ],
  "runtime_sec": 1271.5442283153534
}