{
  "K": 100000000,
  "T": 1000000,
  "channels": [
    "a63",
    "e63",
    "a62",
    "e62"
  ],
  "N_pairs": 18,
  "min_hw": 93,
  "expected_uniform": 108.76545854430864,
  "top50": [
    [
      93,
      54013744,
      87790735
    ],
    [
      102,
      42249698,
      30671298
    ],
    [
      106,
      90549860,
      39168136
    ],
    [
      107,
      55393929,
      49864368
    ],
    [
      108,
      79470117,
      41698980
    ],
    [
      108,
      80289476,
      77137880
    ],
    [
      109,
      92258230,
      6448431
    ],
    [
      110,
      45187357,
      9438515
    ],
    [
      110,
      54302363,
      73602781
    ],
    [
      110,
      68040383,
      81911936
    ],
    [
      112,
      98351246,
      34196211
    ],
    [
      113,
      37981536,
      30370657
    ],
    [
      113,
      98803593,
      46350826
    ],
    [
      114,
      31018552,
      63451342
    ],
    [
      115,
      93410516,
      99380138
    ],
    [
      118,
      44819460,
      82492755
    ],
    [
      120,
      25773019,
      83046176
    ],
    [
      123,
      93666003,
      56753344
    ]
  ],
  "runtime_sec": 623.0615561008453
}