{
  "K": 70000000,
  "T": 2000000,
  "N_pairs": 247126,
  "min_hw": 80,
  "expected_uniform": 88.13197193619948,
  "top30": [
    [
      80,
      13417849,
      28954919
    ],
    [
      82,
      6691206,
      53413541
    ],
    [
      82,
      8513874,
      64390736
    ],
    [
      82,
      17112045,
      36989636
    ],
    [
      82,
      18055769,
      2021006
    ],
    [
      82,
      28162112,
      50472153
    ],
    [
      82,
      69982433,
      34708084
    ],
    [
      83,
      1030157,
      54698864
    ],
    [
      83,
      15375064,
      21068477
    ],
    [
      83,
      19797996,
      52676825
    ],
    [
      83,
      23118379,
      26953700
    ],
    [
      83,
      38994905,
      32112330
    ],
    [
      83,
      39682168,
      21900996
    ],
    [
      83,
      49324092,
      57118220
    ],
    [
      83,
      50623039,
      15915901
    ],
    [
      83,
      56321831,
      63736388
    ],
    [
      83,
      67203818,
      11410959
    ],
    [
      84,
      2802385,
      37134311
    ],
    [
      84,
      5206777,
      45460904
    ],
    [
      84,
      23601494,
      28451395
    ],
    [
      84,
      33204482,
      14618432
    ],
    [
      84,
      35011626,
      15213693
    ],
    [
      84,
      41239064,
      19416459
    ],
    [
      84,
      44502737,
      59271020
    ],
    [
      84,
      45777454,
      23124824
    ],
    [
      84,
      49648104,
      40223924
    ],
    [
      84,
      50735201,
      47875193
    ],
    [
      84,
      53275645,
      4786812
    ],
    [
      84,
      68703692,
      52937427
    ],
    [
      85,
      152620,
      33110268
    ]
  ],
  "runtime_sec": 418.2041440010071
}