{
  "K": 2000000,
  "N_pairs": 10000,
  "rounds": [
    55,
    58,
    60,
    62,
    63
  ],
  "results": {
    "a55": {
      "n_close": 10000,
      "n_far": 10000,
      "close_mean": 127.9091,
      "close_std": 7.99462498137713,
      "far_mean": 127.9407,
      "far_std": 7.926377877481344,
      "gap": -0.03160000000001162
    },
    "b55": {
      "n_close": 10000,
      "n_far": 10000,
      "close_mean": 128.1599,
      "close_std": 7.911560608952377,
      "far_mean": 127.9981,
      "far_std": 8.004617653603328,
      "gap": 0.1617999999999995
    },
    "c55": {
      "n_close": 10000,
      "n_far": 10000,
      "close_mean": 128.0724,
      "close_std": 8.004833913117603,
      "far_mean": 127.8749,
      "far_std": 8.00833711430367,
      "gap": 0.1974999999999909
    },
    "d55": {
      "n_close": 10000,
      "n_far": 10000,
      "close_mean": 128.0356,
      "close_std": 8.044451750144074,
      "far_mean": 127.9119,
      "far_std": 8.069922599075873,
      "gap": 0.12369999999998527
    },
    "e55": {
      "n_close": 10000,
      "n_far": 10000,
      "close_mean": 127.8758,
      "close_std": 7.953571543025749,
      "far_mean": 127.9265,
      "far_std": 7.987670376136197,
      "gap": -0.050700000000006185
    },
    "f55": {
      "n_close": 10000,
      "n_far": 10000,
      "close_mean": 128.0403,
      "close_std": 8.094839624900253,
      "far_mean": 128.0642,
      "far_std": 7.943071672769916,
      "gap": -0.02389999999999759
    },
    "g55": {
      "n_close": 10000,
      "n_far": 10000,
      "close_mean": 127.9559,
      "close_std": 8.086612054467059,
      "far_mean": 127.8949,
      "far_std": 8.100457748274055,
      "gap": 0.06099999999999284
    },
    "h55": {
      "n_close": 10000,
      "n_far": 10000,
      "close_mean": 127.9286,
      "close_std": 7.967750657811432,
      "far_mean": 128.0146,
      "far_std": 7.97226081699874,
      "gap": -0.08599999999999852
    },
    "a58": {
      "n_close": 10000,
      "n_far": 10000,
      "close_mean": 127.8875,
      "close_std": 7.894509236020169,
      "far_mean": 127.9157,
      "far_std": 7.996836152432092,
      "gap": -0.028199999999998226
    },
    "b58": {
      "n_close": 10000,
      "n_far": 10000,
      "close_mean": 128.0269,
      "close_std": 8.008894469841822,
      "far_mean": 127.9707,
      "far_std": 8.019443413184343,
      "gap": 0.056200000000018235
    },
    "c58": {
      "n_close": 10000,
      "n_far": 10000,
      "close_mean": 128.0008,
      "close_std": 8.076541488300622,
      "far_mean": 127.9722,
      "far_std": 8.003513777290468,
      "gap": 0.028599999999997294
    },
    "d58": {
      "n_close": 10000,
      "n_far": 10000,
      "close_mean": 127.9111,
      "close_std": 8.005336053566587,
      "far_mean": 127.8565,
      "far_std": 8.018524641337855,
      "gap": 0.05460000000000775
    },
    "e58": {
      "n_close": 10000,
      "n_far": 10000,
      "close_mean": 127.8752,
      "close_std": 7.929597266651133,
      "far_mean": 128.0228,
      "far_std": 8.028519531805802,
      "gap": -0.14759999999998286
    },
    "f58": {
      "n_close": 10000,
      "n_far": 10000,
      "close_mean": 127.9717,
      "close_std": 7.97917701499244,
      "far_mean": 127.9375,
      "far_std": 7.99339622365355,
      "gap": 0.034199999999998454
    },
    "g58": {
      "n_close": 10000,
      "n_far": 10000,
      "close_mean": 128.1293,
      "close_std": 8.119505782214503,
      "far_mean": 128.0732,
      "far_std": 8.112251390474917,
      "gap": 0.056099999999986494
    },
    "h58": {
      "n_close": 10000,
      "n_far": 10000,
      "close_mean": 128.0409,
      "close_std": 8.011631907082444,
      "far_mean": 127.9273,
      "far_std": 8.05731386633747,
      "gap": 0.11359999999999104
    },
    "a60": {
      "n_close": 10000,
      "n_far": 10000,
      "close_mean": 118.856,
      "close_std": 7.822389850825503,
      "far_mean": 128.0068,
      "far_std": 7.9532558859827205,
      "gap": -9.150800000000004
    },
    "b60": {
      "n_close": 10000,
      "n_far": 10000,
      "close_mean": 128.0207,
      "close_std": 7.938423859138332,
      "far_mean": 127.9056,
      "far_std": 8.02058112683621,
      "gap": 0.1150999999999982
    },
    "c60": {
      "n_close": 10000,
      "n_far": 10000,
      "close_mean": 128.0787,
      "close_std": 7.902566125325147,
      "far_mean": 128.1778,
      "far_std": 7.950264639040833,
      "gap": -0.09909999999999286
    },
    "d60": {
      "n_close": 10000,
      "n_far": 10000,
      "close_mean": 128.0572,
      "close_std": 7.965756303537583,
      "far_mean": 128.0234,
      "far_std": 8.08355038449578,
      "gap": 0.033799999999985175
    },
    "e60": {
      "n_close": 10000,
      "n_far": 10000,
      "close_mean": 118.8424,
      "close_std": 7.8310340791925395,
      "far_mean": 128.036,
      "far_std": 8.051160544829042,
      "gap": -9.193600000000004
    },
    "f60": {
      "n_close": 10000,
      "n_far": 10000,
      "close_mean": 127.9037,
      "close_std": 8.051304780025786,
      "far_mean": 127.9359,
      "far_std": 7.9927829726550685,
      "gap": -0.032200000000003115
    },
    "g60": {
      "n_close": 10000,
      "n_far": 10000,
      "close_mean": 128.0351,
      "close_std": 8.038055052243813,
      "far_mean": 128.0328,
      "far_std": 7.996081408526877,
      "gap": 0.002299999999991087
    },
    "h60": {
      "n_close": 10000,
      "n_far": 10000,
      "close_mean": 128.0881,
      "close_std": 8.036541357431004,
      "far_mean": 127.8507,
      "far_std": 7.91200793079416,
      "gap": 0.23739999999999384
    },
    "a62": {
      "n_close": 10000,
      "n_far": 10000,
      "close_mean": 118.8868,
      "close_std": 7.808884915809864,
      "far_mean": 128.0359,
      "far_std": 7.953272071522787,
      "gap": -9.149100000000004
    },
    "b62": {
      "n_close": 10000,
      "n_far": 10000,
      "close_mean": 118.846,
      "close_std": 7.746346531653412,
      "far_mean": 128.017,
      "far_std": 7.982034971624016,
      "gap": -9.170999999999992
    },
    "c62": {
      "n_close": 10000,
      "n_far": 10000,
      "close_mean": 118.9002,
      "close_std": 7.768196344547732,
      "far_mean": 128.0565,
      "far_std": 7.9688680523524535,
      "gap": -9.156300000000002
    },
    "d62": {
      "n_close": 10000,
      "n_far": 10000,
      "close_mean": 127.9719,
      "close_std": 7.91871081604189,
      "far_mean": 127.991,
      "far_std": 8.11778965303272,
      "gap": -0.019099999999994566
    },
    "e62": {
      "n_close": 10000,
      "n_far": 10000,
      "close_mean": 118.7352,
      "close_std": 7.798035771666454,
      "far_mean": 127.9802,
      "far_std": 7.954579529651417,
      "gap": -9.24499999999999
    },
    "f62": {
      "n_close": 10000,
      "n_far": 10000,
      "close_mean": 118.6242,
      "close_std": 7.945079407323684,
      "far_mean": 127.9107,
      "far_std": 7.908740754888404,
      "gap": -9.286500000000004
    },
    "g62": {
      "n_close": 10000,
      "n_far": 10000,
      "close_mean": 118.8336,
      "close_std": 7.741492369718583,
      "far_mean": 127.9884,
      "far_std": 8.066806851368002,
      "gap": -9.154799999999994
    },
    "h62": {
      "n_close": 10000,
      "n_far": 10000,
      "close_mean": 128.0153,
      "close_std": 8.024107709923518,
      "far_mean": 128.1568,
      "far_std": 8.077396746094585,
      "gap": -0.14150000000000773
    },
    "a63": {
      "n_close": 10000,
      "n_far": 10000,
      "close_mean": 118.8695,
      "close_std": 7.906991956628021,
      "far_mean": 128.0616,
      "far_std": 8.02082531937209,
      "gap": -9.192099999999996
    },
    "b63": {
      "n_close": 10000,
      "n_far": 10000,
      "close_mean": 118.7675,
      "close_std": 7.746924888917115,
      "far_mean": 127.9674,
      "far_std": 8.106374563937758,
      "gap": -9.1999
    },
    "c63": {
      "n_close": 10000,