{
  "K": 20000000,
  "T": 2000000,
  "N_pairs_each": 20090,
  "uniform_min_hw": 97,
  "filter_min_hw": 82,
  "uniform_top30": [
    97,
    98,
    100,
    100,
    101,
    101,
    101,
    101,
    101,
    101,
    102,
    102,
    102,
    102,
    102,
    102,
    102,
    102,
    102,
    102,
    103,
    103,
    103,
    103,
    103,
    103,
    103,
    103,
    103,
    103
  ],
  "filter_top30": [
    82,
    85,
    85,
    86,
    86,
    86,
    86,
    87,
    87,
    87,
    88,
    88,
    89,
    89,
    89,
    89,
    89,
    89,
    89,
    89,
    90,
    90,
    90,
    90,
    90,
    90,
    90,
    90,
    90,
    90
  ],
  "uniform_top30_mean": 101.7,
  "filter_top30_mean": 88.16666666666667,
  "advantage_min": 15,
  "advantage_mean_top30": 13.533333333333331,
  "runtime_sec": 119.58631443977356
}