{
  "K": 10000000,
  "far_mean": 128.1854,
  "results": {
    "1ch: a63": {
      "T": 10000,
      "n_close": 3000,
      "mean": 118.966,
      "gap": -9.219399999999993
    },
    "2ch: a63 + e63": {
      "T": 50000,
      "n_close": 3000,
      "mean": 112.89433333333334,
      "gap": -15.291066666666651
    },
    "3ch: a63 + e63 + a62": {
      "T": 500000,
      "n_close": 66,
      "mean": 111.03030303030303,
      "gap": -17.155096969696956
    },
    "3ch: a63 + e63 + e62": {
      "T": 500000,
      "n_close": 83,
      "mean": 111.42168674698796,
      "gap": -16.76371325301203
    },
    "4ch: a63+e63+a62+e62": {
      "T": 5000000,
      "n_close": 92,
      "mean": 111.58695652173913,
      "gap": -16.59844347826086
    },
    "4ch wide: a60+e60+a63+e63": {
      "T": 5000000,
      "n_close": 83,
      "mean": 111.65060240963855,
      "gap": -16.534797590361435
    }
  },
  "best_config": "3ch: a63 + e63 + a62",
  "best_gap": -17.155096969696956,
  "effective_birthday_exp": 119.42245151515152,
  "runtime_sec": 236.54536175727844
}