{
  "N_pairs": 11849,
  "K_scanned": 10000000,
  "per_word": {
    "H[0]": {
      "mean": 16.018313781753733,
      "std": 2.820254253993917,
      "delta": 0.018313781753732883,
      "z": 0.7068554667457305
    },
    "H[1]": {
      "mean": 16.005570090302978,
      "std": 2.829167561848336,
      "delta": 0.005570090302978059,
      "z": 0.21431097683255834
    },
    "H[2]": {
      "mean": 15.987171913241625,
      "std": 2.8006590169707124,
      "delta": -0.012828086758375434,
      "z": -0.4985887809476842
    },
    "H[3]": {
      "mean": 16.021858384673813,
      "std": 2.813157248260581,
      "delta": 0.021858384673812736,
      "z": 0.8457945951309863
    },
    "H[4]": {
      "mean": 16.01046501814499,
      "std": 2.8349949468316415,
      "delta": 0.010465018144991234,
      "z": 0.40181722153415317
    },
    "H[5]": {
      "mean": 15.988437842855937,
      "std": 2.838813767114916,
      "delta": -0.011562157144062724,
      "z": -0.44334602063865997
    },
    "H[6]": {
      "mean": 16.0169634568318,
      "std": 2.8573972368292146,
      "delta": 0.01696345683179956,
      "z": 0.6462262380728176
    },
    "H[7]": {
      "mean": 0.0,
      "std": 0.0,
      "delta": -16.0,
      "z": 0
    }
  },
  "methodology": {
    "H[0]": 19.0,
    "H[1]": 17.0,
    "H[2]": 17.0,
    "H[3]": 15.0,
    "H[4]": 12.0,
    "H[5]": 16.0,
    "H[6]": 16.0,
    "H[7]": 0.0
  },
  "total_compression": -0.048780487804876316,
  "effective_birthday_exp": 128.02439024390245,
  "runtime_sec": 10.873414039611816
}