{
  "K": 50000000,
  "T": 2000000,
  "N_pairs": 125628,
  "min_hw": 80,
  "expected_uniform": 89.23328365623752,
  "top30": [
    [
      80,
      28954919,
      13417849
    ],
    [
      82,
      2021006,
      18055769
    ],
    [
      82,
      17112045,
      36989636
    ],
    [
      83,
      21068477,
      15375064
    ],
    [
      83,
      21900996,
      39682168
    ],
    [
      83,
      23118379,
      26953700
    ],
    [
      83,
      38994905,
      32112330
    ],
    [
      84,
      2802385,
      37134311
    ],
    [
      84,
      5206777,
      45460904
    ],
    [
      84,
      14618432,
      33204482
    ],
    [
      84,
      19416459,
      41239064
    ],
    [
      84,
      23124824,
      45777454
    ],
    [
      84,
      28451395,
      23601494
    ],
    [
      84,
      35011626,
      15213693
    ],
    [
      84,
      49648104,
      40223924
    ],
    [
      85,
      7926269,
      7976916
    ],
    [
      85,
      12504452,
      30805340
    ],
    [
      85,
      17532771,
      2682742
    ],
    [
      85,
      26526432,
      1405689
    ],
    [
      85,
      30701133,
      24618184
    ],
    [
      85,
      31751715,
      12721176
    ],
    [
      85,
      33110268,
      152620
    ],
    [
      85,
      33817844,
      26510212
    ],
    [
      85,
      44210855,
      7843762
    ],
    [
      85,
      47135652,
      17330778
    ],
    [
      86,
      218730,
      355991
    ],
    [
      86,
      4341575,
      1568188
    ],
    [
      86,
      9923467,
      13062767
    ],
    [
      86,
      13646768,
      5672893
    ],
    [
      86,
      25843327,
      10055908
    ]
  ],
  "runtime_sec": 296.1493556499481
}