{
  "N_pairs": 11685,
  "K_scanned": 10000000,
  "state_def": "state1 (block-1 output)",
  "per_word": {
    "state1[0]": {
      "mean": 16.02173727000428,
      "std": 2.8144501490846396,
      "delta": 0.021737270004280163,
      "z": 0.8348833453503117
    },
    "state1[1]": {
      "mean": 16.012409071459135,
      "std": 2.8331920374810484,
      "delta": 0.01240907145913539,
      "z": 0.4734538269243079
    },
    "state1[2]": {
      "mean": 16.005134788189988,
      "std": 2.8342565626605336,
      "delta": 0.0051347881899879155,
      "z": 0.1958383453542526
    },
    "state1[3]": {
      "mean": 16.054343175010697,
      "std": 2.838342345773927,
      "delta": 0.054343175010696854,
      "z": 2.069638956068752
    },
    "state1[4]": {
      "mean": 16.015575524176295,
      "std": 2.8387746170026076,
      "delta": 0.015575524176295374,
      "z": 0.5930975312574288
    },
    "state1[5]": {
      "mean": 15.970988446726572,
      "std": 2.8506887442554074,
      "delta": -0.029011553273427637,
      "z": -1.1001085471450196
    },
    "state1[6]": {
      "mean": 15.989816003423192,
      "std": 2.833774815977663,
      "delta": -0.01018399657680824,
      "z": -0.3884787491284143
    },
    "state1[7]": {
      "mean": 0.0,
      "std": 0.0,
      "delta": -16.0,
      "z": 0
    }
  },
  "methodology": {
    "state1[0]": 19.0,
    "state1[1]": 17.0,
    "state1[2]": 17.0,
    "state1[3]": 15.0,
    "state1[4]": 12.0,
    "state1[5]": 16.0,
    "state1[6]": 16.0,
    "state1[7]": 0.0
  },
  "total_compression": -0.07000427899015982,
  "effective_birthday_exp": 128.03500213949508,
  "runtime_sec": 59.778541564941406
}