{
  "K": 100000000,
  "T": 2000000,
  "channels": [
    "a63",
    "e63",
    "a62"
  ],
  "N_pairs": 504021,
  "min_hw": 78,
  "expected_uniform": 87.00380784456837,
  "top30": [
    [
      78,
      72892575,
      78161118
    ],
    [
      80,
      28954919,
      13417849
    ],
    [
      80,
      78522675,
      84829816
    ],
    [
      81,
      61055501,
      84485707
    ],
    [
      81,
      76924892,
      71070148
    ],
    [
      81,
      85102365,
      15197016
    ],
    [
      82,
      8513874,
      64390736
    ],
    [
      82,
      18055769,
      2021006
    ],
    [
      82,
      28162112,
      50472153
    ],
    [
      82,
      32947718,
      87106633
    ],
    [
      82,
      36989636,
      17112045
    ],
    [
      82,
      53413541,
      6691206
    ],
    [
      82,
      69982433,
      34708084
    ],
    [
      82,
      79044570,
      33037500
    ],
    [
      82,
      97323562,
      52250985
    ],
    [
      83,
      1030157,
      54698864
    ],
    [
      83,
      15375064,
      21068477
    ],
    [
      83,
      15915901,
      50623039
    ],
    [
      83,
      19797996,
      52676825
    ],
    [
      83,
      26953700,
      23118379
    ],
    [
      83,
      38994905,
      32112330
    ],
    [
      83,
      39682168,
      21900996
    ],
    [
      83,
      49431981,
      78152271
    ],
    [
      83,
      67203818,
      11410959
    ],
    [
      83,
      70125882,
      49980024
    ],
    [
      83,
      82492916,
      8560643
    ],
    [
      83,
      84307372,
      37537297
    ],
    [
      83,
      87956179,
      88676840
    ],
    [
      83,
      91341719,
      28654272
    ],
    [
      83,
      93341797,
      31626110
    ]
  ],
  "runtime_sec": 632.7070851325989
}