{
  "K": 20000000,
  "T": 2000000,
  "N_pairs_each": 20114,
  "uniform_min_hw": 94,
  "filter_min_hw": 83,
  "uniform_top30": [
    94,
    96,
    97,
    98,
    98,
    98,
    99,
    99,
    99,
    100,
    101,
    101,
    101,
    101,
    102,
    102,
    102,
    102,
    102,
    102,
    102,
    103,
    103,
    103,
    103,
    103,
    103,
    103,
    103,
    103
  ],
  "filter_top30": [
    83,
    84,
    85,
    86,
    86,
    87,
    87,
    87,
    87,
    88,
    88,
    88,
    89,
    89,
    89,
    89,
    89,
    89,
    89,
    89,
    90,
    90,
    90,
    90,
    90,
    90,
    90,
    91,
    91,
    91
  ],
  "uniform_top30_mean": 100.76666666666667,
  "filter_top30_mean": 88.36666666666666,
  "advantage_min": 11,
  "advantage_mean_top30": 12.400000000000006,
  "runtime_sec": 238.38409447669983
}