{
  "K": 200000000,
  "T": 2000000,
  "channels": [
    "a63",
    "e63",
    "a62"
  ],
  "N_pairs": 2016526,
  "min_hw": 77,
  "expected_uniform": 84.89360246186743,
  "top30": [
    [
      77,
      13073324,
      123967905
    ],
    [
      77,
      106935831,
      26561781
    ],
    [
      78,
      78161118,
      72892575
    ],
    [
      78,
      175964346,
      21667871
    ],
    [
      79,
      47308959,
      133280455
    ],
    [
      79,
      115232809,
      181404810
    ],
    [
      79,
      151944369,
      108375069
    ],
    [
      79,
      160099084,
      46841592
    ],
    [
      79,
      180034962,
      65424383
    ],
    [
      80,
      28954919,
      13417849
    ],
    [
      80,
      31823305,
      140116475
    ],
    [
      80,
      58280868,
      101200207
    ],
    [
      80,
      84829816,
      78522675
    ],
    [
      80,
      105612318,
      170767227
    ],
    [
      80,
      137099544,
      45532721
    ],
    [
      80,
      151453234,
      1793553
    ],
    [
      80,
      176399339,
      124362044
    ],
    [
      81,
      31065994,
      156086986
    ],
    [
      81,
      71070148,
      76924892
    ],
    [
      81,
      73017364,
      103261381
    ],
    [
      81,
      84485707,
      61055501
    ],
    [
      81,
      85102365,
      15197016
    ],
    [
      81,
      111636913,
      94724931
    ],
    [
      81,
      156789616,
      113505250
    ],
    [
      81,
      172318088,
      73476862
    ],
    [
      81,
      185963037,
      178416579
    ],
    [
      82,
      2021006,
      18055769
    ],
    [
      82,
      6691206,
      53413541
    ],
    [
      82,
      22976862,
      140262329
    ],
    [
      82,
      25800276,
      142969027
    ]
  ],
  "runtime_sec": 1278.8475036621094
}