{
  "hash": "sha256",
  "N": 130816,
  "feature": "bit5_max",
  "omega_spectrum": {
    "1": {
      "omega": -0.03344257451858965,
      "same_sign": 123,
      "time_sec": 0.6259884834289551
    },
    "2": {
      "omega": -0.03440398091013698,
      "same_sign": 121,
      "time_sec": 2.6447465419769287
    },
    "3": {
      "omega": -0.035416724865750135,
      "same_sign": 121,
      "time_sec": 29.936886310577393
    }
  },
  "ro_null": {
    "mean": 0.048215636902945246,
    "std": 0.06969350238223512
  },
  "verdict": "RO-LIKE",
  "reason": "\u03a9_k 1.2\u03c3 \u2014 within RO null band",
  "z_score": 1.2000022801266659,
  "runtime_sec": 238.65370440483093,
  "version": "1.0.0"
}