{
  "N": 200,
  "F_inf": 163.84,
  "all_results": {
    "16": {
      "0": {
        "frob_sq": 6089.0226999999995,
        "excess": 0.0,
        "range": "none"
      },
      "1": {
        "frob_sq": 6436.78975,
        "excess": 347.7670500000004,
        "range": "[15,16)"
      },
      "2": {
        "frob_sq": 7160.905225,
        "excess": 1071.882525000001,
        "range": "[14,16)"
      },
      "3": {
        "frob_sq": 8268.20585,
        "excess": 2179.1831500000008,
        "range": "[13,16)"
      },
      "4": {
        "frob_sq": 9711.597925,
        "excess": 3622.5752250000005,
        "range": "[12,16)"
      },
      "5": {
        "frob_sq": 11164.7199,
        "excess": 5075.6972000000005,
        "range": "[11,16)"
      },
      "6": {
        "frob_sq": 12570.9951,
        "excess": 6481.972400000001,
        "range": "[10,16)"
      },
      "7": {
        "frob_sq": 13964.368225,
        "excess": 7875.345525000001,
        "range": "[9,16)"
      },
      "8": {
        "frob_sq": 15335.955525000001,
        "excess": 9246.932825000002,
        "range": "[8,16)"
      },
      "9": {
        "frob_sq": 16675.9457,
        "excess": 10586.923,
        "range": "[7,16)"
      },
      "10": {
        "frob_sq": 17961.216825000003,
        "excess": 11872.194125000004,
        "range": "[6,16)"
      },
      "11": {
        "frob_sq": 19216.422275,
        "excess": 13127.399575000001,
        "range": "[5,16)"
      },
      "12": {
        "frob_sq": 20419.518799999998,
        "excess": 14330.496099999998,
        "range": "[4,16)"
      },
      "13": {
        "frob_sq": 21607.233675000003,
        "excess": 15518.210975000004,
        "range": "[3,16)"
      },
      "14": {
        "frob_sq": 22688.457125,
        "excess": 16599.434425,
        "range": "[2,16)"
      },
      "15": {
        "frob_sq": 23765.30455,
        "excess": 17676.28185,
        "range": "[1,16)"
      },
      "16": {
        "frob_sq": 23796.0753,
        "excess": 17707.052600000003,
        "range": "[0,16)"
      }
    },
    "20": {
      "0": {
        "frob_sq": 421.5537250000001,
        "excess": 0.0,
        "range": "none"
      },
      "1": {
        "frob_sq": 422.17072500000006,
        "excess": 0.6169999999999618,
        "range": "[19,20)"
      },
      "2": {
        "frob_sq": 438.9230750000001,
        "excess": 17.369349999999997,
        "range": "[18,20)"
      },
      "3": {
        "frob_sq": 604.8144500000001,
        "excess": 183.26072499999998,
        "range": "[17,20)"
      },
      "4": {
        "frob_sq": 1467.1109999999999,
        "excess": 1045.5572749999997,
        "range": "[16,20)"
      },
      "5": {
        "frob_sq": 2276.158625,
        "excess": 1854.6048999999998,
        "range": "[15,20)"
      },
      "6": {
        "frob_sq": 3705.3941499999996,
        "excess": 3283.8404249999994,
        "range": "[14,20)"
      },
      "7": {
        "frob_sq": 5101.9577,
        "excess": 4680.403975,
        "range": "[13,20)"
      },
      "8": {
        "frob_sq": 6457.69635,
        "excess": 6036.142625,
        "range": "[12,20)"
      },
      "9": {
        "frob_sq": 7647.180874999999,
        "excess": 7225.627149999999,
        "range": "[11,20)"
      },
      "10": {
        "frob_sq": 8685.764075000001,
        "excess": 8264.210350000001,
        "range": "[10,20)"
      },
      "11": {
        "frob_sq": 9963.664925,
        "excess": 9542.1112,
        "range": "[9,20)"
      },
      "12": {
        "frob_sq": 11160.82975,
        "excess": 10739.276025000001,
        "range": "[8,20)"
      },
      "13": {
        "frob_sq": 12372.4247,
        "excess": 11950.870975,
        "range": "[7,20)"
      },
      "14": {
        "frob_sq": 13452.809650000001,
        "excess": 13031.255925000001,
        "range": "[6,20)"
      },
      "15": {
        "frob_sq": 14553.192425,
        "excess": 14131.6387,
        "range": "[5,20)"
      },
      "16": {
        "frob_sq": 15393.155100000002,
        "excess": 14971.601375000002,
        "range": "[4,20)"
      },
      "17": {
        "frob_sq": 15982.409175,
        "excess": 15560.855450000001,
        "range": "[3,20)"
      },
      "18": {
        "frob_sq": 16288.769075,
        "excess": 15867.21535,
        "range": "[2,20)"
      },
      "19": {
        "frob_sq": 17095.682375,
        "excess": 16674.12865,
        "range": "[1,20)"
      },
      "20": {
        "frob_sq": 17097.91945,
        "excess": 16676.365725,
        "range": "[0,20)"
      }
    },
    "24": {
      "0": {
        "frob_sq": 163.00580000000005,
        "excess": 0.0,
        "range": "none"
      },
      "1": {
        "frob_sq": 163.58810000000005,
        "excess": 0.5823000000000036,
        "range": "[23,24)"
      },
      "2": {
        "frob_sq": 163.13492500000007,
        "excess": 0.12912500000001614,
        "range": "[22,24)"
      },
      "3": {
        "frob_sq": 163.18735000000007,
        "excess": 0.18155000000001564,
        "range": "[21,24)"
      },
      "4": {
        "frob_sq": 164.05847500000007,
        "excess": 1.052675000000022,
        "range": "[20,24)"
      },
      "5": {
        "frob_sq": 163.37587500000006,
        "excess": 0.37007500000001414,
        "range": "[19,24)"
      },
      "6": {
        "frob_sq": 166.99405000000007,
        "excess": 3.988250000000022,
        "range": "[18,24)"
      },
      "7": {
        "frob_sq": 180.66610000000009,
        "excess": 17.660300000000035,
        "range": "[17,24)"
      },
      "8": {
        "frob_sq": 246.94867500000004,
        "excess": 83.94287499999999,
        "range": "[16,24)"
      },
      "9": {
        "frob_sq": 348.0399500000001,
        "excess": 185.03415000000004,
        "range": "[15,24)"
      },
      "10": {
        "frob_sq": 1342.2000250000003,
        "excess": 1179.1942250000002,
        "range": "[14,24)"
      },
      "11": {
        "frob_sq": 2045.005575,
        "excess": 1881.9997749999998,
        "range": "[13,24)"
      },
      "12": {
        "frob_sq": 2463.1742999999997,
        "excess": 2300.1684999999998,
        "range": "[12,24)"
      },
      "13": {
        "frob_sq": 2675.879125,
        "excess": 2512.873325,
        "range": "[11,24)"
      },
      "14": {
        "frob_sq": 2862.2884750000003,
        "excess": 2699.2826750000004,
        "range": "[10,24)"
      },
      "15": {
        "frob_sq": 3883.83885,
        "excess": 3720.83305,
        "range": "[9,24)"
      },
      "16": {
        "frob_sq": 4747.215575,
        "excess": 4584.209775,
        "range": "[8,24)"
      },
      "17": {
        "frob_sq": 5365.8909,
        "excess": 5202.8851,
        "range": "[7,24)"
      },
      "18": {
        "frob_sq": 5690.09645,
        "excess": 5527.09065,
        "range": "[6,24)"
      },
      "19": {
        "frob_sq": 5876.38895,
        "excess": 5713.38315,
        "range": "[5,24)"
      },
      "20": {
        "frob_sq": 5898.7982999999995,
        "excess": 5735.7925,
        "range": "[4,24)"
      },
      "21": {
        "frob_sq": 5936.1963749999995,
        "excess": 5773.190575,
        "range": "[3,24)"
      },
      "22": {
        "frob_sq": 5873.576875,
        "excess": 5710.571075,
        "range": "[2,24)"
      },
      "23": {
        "frob_sq": 5966.636325000001,
        "excess": 5803.630525000001,
        "range": "[1,24)"
      },
      "24": {
        "frob_sq": 5973.0608,
        "excess": 5810.055,
        "range": "[0,24)"
      }
    }
  },
  "runtime_sec": 29.92609453201294
}