{
  "N_messages": 200,
  "rounds": [
    1,
    2,
    3,
    4,
    5,
    6,
    8,
    10,
    12,
    16,
    20,
    24,
    32,
    48,
    64
  ],
  "results": {
    "1": {
      "frobenius_sq": 32737.472025,
      "mean_abs": 0.4996809005737305,
      "max_abs": 0.5,
      "time": 0.1470203399658203
    },
    "2": {
      "frobenius_sq": 32433.85365,
      "mean_abs": 0.4961078643798828,
      "max_abs": 0.5,
      "time": 0.11607933044433594
    },
    "3": {
      "frobenius_sq": 31625.231475,
      "mean_abs": 0.48559749603271485,
      "max_abs": 0.5,
      "time": 0.14162611961364746
    },
    "4": {
      "frobenius_sq": 30311.089050000002,
      "mean_abs": 0.46779579162597656,
      "max_abs": 0.5,
      "time": 0.1617586612701416
    },
    "5": {
      "frobenius_sq": 28513.1216,
      "mean_abs": 0.44289985656738284,
      "max_abs": 0.5,
      "time": 0.19653105735778809
    },
    "6": {
      "frobenius_sq": 26479.704125,
      "mean_abs": 0.4138776779174805,
      "max_abs": 0.5,
      "time": 0.2187042236328125
    },
    "8": {
      "frobenius_sq": 22396.3841,
      "mean_abs": 0.3548490142822266,
      "max_abs": 0.5,
      "time": 0.3477916717529297
    },
    "10": {
      "frobenius_sq": 18321.401675,
      "mean_abs": 0.2958344650268555,
      "max_abs": 0.5,
      "time": 0.3137502670288086
    },
    "12": {
      "frobenius_sq": 14248.802099999999,
      "mean_abs": 0.23684715270996096,
      "max_abs": 0.5,
      "time": 0.36489367485046387
    },
    "16": {
      "frobenius_sq": 6089.0226999999995,
      "mean_abs": 0.11880599975585937,
      "max_abs": 0.5,
      "time": 0.4703497886657715
    },
    "20": {
      "frobenius_sq": 421.5537250000001,
      "mean_abs": 0.03324047088623048,
      "max_abs": 0.5,
      "time": 0.5879275798797607
    },
    "24": {
      "frobenius_sq": 163.00580000000005,
      "mean_abs": 0.028133621215820324,
      "max_abs": 0.17000000000000004,
      "time": 0.740239143371582
    },
    "32": {
      "frobenius_sq": 163.95030000000006,
      "mean_abs": 0.028185806274414072,
      "max_abs": 0.15500000000000003,
      "time": 0.8674716949462891
    },
    "48": {
      "frobenius_sq": 164.10280000000006,
      "mean_abs": 0.0281603240966797,
      "max_abs": 0.18,
      "time": 1.2549617290496826
    },
    "64": {
      "frobenius_sq": 163.85227500000008,
      "mean_abs": 0.028141822814941417,
      "max_abs": 0.16000000000000003,
      "time": 1.5059897899627686
    }
  },
  "ro_baseline": {
    "frobenius_sq": 165.29450000000008,
    "mean_abs": 0.028304672241210947
  },
  "theoretical_limit": 163.84,
  "runtime_sec": 7.739274978637695
}