{
  "otoc_word_scores": {
    "a": 345.38042499999995,
    "b": 601.3967250000001,
    "c": 857.0036749999999,
    "d": 1112.5583,
    "e": 409.7270250000001,
    "f": 663.2004499999999,
    "g": 921.464,
    "h": 1178.2921
  },
  "otoc_top3": [
    "h16",
    "d16",
    "g16"
  ],
  "baseline_result": {
    "min_hw": 80,
    "n_pairs": 20442,
    "pair": [
      4156174,
      15094854
    ]
  },
  "otoc_result": {
    "min_hw": 80,
    "n_pairs": 20226,
    "pair": [
      1056053,
      8740691
    ]
  },
  "K": 20000000,
  "T": 2000000,
  "r": 16,
  "runtime_sec": 92.70750045776367
}