{
  "r": 12,
  "otoc_frobenius_sq": 14248.802099999999,
  "results": {
    "baseline": {
      "hw": 82,
      "n": 20150
    },
    "otoc_top3": {
      "words": [
        "h12",
        "d12",
        "g12"
      ],
      "hw": 83,
      "n": 20234
    },
    "otoc_bottom3": {
      "words": [
        "b12",
        "e12",
        "a12"
      ],
      "hw": 82,
      "n": 20150
    }
  },
  "word_scores": {
    "a": 1365.1921,
    "b": 1621.33075,
    "c": 1873.109125,
    "d": 2129.252625,
    "e": 1431.7821749999998,
    "f": 1687.010775,
    "g": 1943.8926,
    "h": 2197.23195
  },
  "K": 20000000,
  "T": 2000000
}