{
  "N": 100,
  "r_obs": 24,
  "F_inf": 1310.72,
  "F_base": 1306.7205000000001,
  "prefix": {
    "0": {
      "frob_sq": 1306.7205000000001,
      "excess": 0.0
    },
    "4": {
      "frob_sq": 1310.2948000000001,
      "excess": 3.574299999999994
    },
    "8": {
      "frob_sq": 1313.6845000000003,
      "excess": 6.964000000000169
    },
    "12": {
      "frob_sq": 1308.8125000000002,
      "excess": 2.0920000000000982
    },
    "16": {
      "frob_sq": 1308.4203000000002,
      "excess": 1.6998000000000957
    },
    "18": {
      "frob_sq": 1397.3914000000004,
      "excess": 90.6709000000003
    },
    "20": {
      "frob_sq": 5296.8471,
      "excess": 3990.1265999999996
    },
    "22": {
      "frob_sq": 32231.5289,
      "excess": 30924.8084
    },
    "24": {
      "frob_sq": 46708.5836,
      "excess": 45401.863099999995
    }
  },
  "reverse": {
    "0": {
      "frob_sq": 1306.7205000000001,
      "excess": 0.0,
      "range": "none"
    },
    "2": {
      "frob_sq": 1308.8732000000002,
      "excess": 2.1527000000000953,
      "range": "[22,24)"
    },
    "4": {
      "frob_sq": 1315.7252000000003,
      "excess": 9.004700000000184,
      "range": "[20,24)"
    },
    "6": {
      "frob_sq": 1427.3924000000002,
      "excess": 120.67190000000005,
      "range": "[18,24)"
    },
    "8": {
      "frob_sq": 2891.9854000000005,
      "excess": 1585.2649000000004,
      "range": "[16,24)"
    },
    "10": {
      "frob_sq": 10119.013900000002,
      "excess": 8812.293400000002,
      "range": "[14,24)"
    },
    "12": {
      "frob_sq": 18079.4001,
      "excess": 16772.6796,
      "range": "[12,24)"
    },
    "14": {
      "frob_sq": 22201.742299999998,
      "excess": 20895.0218,
      "range": "[10,24)"
    },
    "16": {
      "frob_sq": 32914.8437,
      "excess": 31608.123199999998,
      "range": "[8,24)"
    },
    "18": {
      "frob_sq": 41280.7479,
      "excess": 39974.0274,
      "range": "[6,24)"
    },
    "20": {
      "frob_sq": 45024.5459,
      "excess": 43717.825399999994,
      "range": "[4,24)"
    },
    "22": {
      "frob_sq": 45815.4313,
      "excess": 44508.71079999999,
      "range": "[2,24)"
    },
    "24": {
      "frob_sq": 46708.5836,
      "excess": 45401.863099999995,
      "range": "[0,24)"
    }
  },
  "prefix_critical_w": 20,
  "reverse_critical_w": 6,
  "runtime_sec": 38.4973464012146
}