{
  "N": 200,
  "rounds": [
    1,
    2,
    3,
    4,
    5,
    6,
    7,
    8,
    9,
    10,
    11,
    12
  ],
  "results": {
    "1": {
      "frobenius_sq": 86064.220925,
      "mean_abs": 0.361488561630249,
      "time": 2.0366852283477783
    },
    "2": {
      "frobenius_sq": 738.6056500000002,
      "mean_abs": 0.029414844512939464,
      "time": 2.1519854068756104
    },
    "3": {
      "frobenius_sq": 655.3529750000002,
      "mean_abs": 0.028144044876098645,
      "time": 2.49306058883667
    },
    "4": {
      "frobenius_sq": 653.1125250000002,
      "mean_abs": 0.028140954971313487,
      "time": 2.793329954147339
    },
    "5": {
      "frobenius_sq": 656.3445250000002,
      "mean_abs": 0.028202829360961926,
      "time": 3.097283124923706
    },
    "6": {
      "frobenius_sq": 657.5155250000003,
      "mean_abs": 0.028225870132446297,
      "time": 3.4027581214904785
    },
    "7": {
      "frobenius_sq": 657.1894750000002,
      "mean_abs": 0.02823542594909669,
      "time": 3.679298162460327
    },
    "8": {
      "frobenius_sq": 656.0069250000001,
      "mean_abs": 0.028180379867553722,
      "time": 4.018269062042236
    },
    "9": {
      "frobenius_sq": 655.9555250000003,
      "mean_abs": 0.028197031021118174,
      "time": 4.383934259414673
    },
    "10": {
      "frobenius_sq": 656.7882750000002,
      "mean_abs": 0.02821629524230958,
      "time": 4.601026296615601
    },
    "11": {
      "frobenius_sq": 656.0891250000002,
      "mean_abs": 0.02819067955017091,
      "time": 4.886797904968262
    },
    "12": {
      "frobenius_sq": 654.7775250000003,
      "mean_abs": 0.02817145347595216,
      "time": 5.252513408660889
    }
  },
  "theoretical_limit": 655.36,
  "scrambled_round": 3,
  "runtime_sec": 42.80475187301636
}