{
  "N": 200,
  "rounds": [
    1,
    2,
    3,
    4,
    5,
    6,
    7,
    8,
    9,
    10
  ],
  "results": {
    "1": {
      "frobenius_sq": 17282.6809,
      "mean_abs": 0.29898803710937505,
      "time": 0.6405856609344482
    },
    "2": {
      "frobenius_sq": 163.77980000000008,
      "mean_abs": 0.028207397460937512,
      "time": 0.6636724472045898
    },
    "3": {
      "frobenius_sq": 164.8558000000001,
      "mean_abs": 0.028300323486328133,
      "time": 0.8231890201568604
    },
    "4": {
      "frobenius_sq": 164.09900000000005,
      "mean_abs": 0.028174285888671886,
      "time": 0.9374868869781494
    },
    "5": {
      "frobenius_sq": 163.36405000000008,
      "mean_abs": 0.028112564086914073,
      "time": 1.026770830154419
    },
    "6": {
      "frobenius_sq": 163.9652000000001,
      "mean_abs": 0.028205718994140636,
      "time": 1.0903723239898682
    },
    "7": {
      "frobenius_sq": 165.20545000000007,
      "mean_abs": 0.02827239990234376,
      "time": 1.2759356498718262
    },
    "8": {
      "frobenius_sq": 163.52172500000006,
      "mean_abs": 0.028144874572753917,
      "time": 1.392334222793579
    },
    "9": {
      "frobenius_sq": 164.18157500000007,
      "mean_abs": 0.028212242126464854,
      "time": 1.4495446681976318
    },
    "10": {
      "frobenius_sq": 163.37272500000006,
      "mean_abs": 0.028155860900878918,
      "time": 1.4096481800079346
    }
  },
  "theoretical_limit": 163.84,
  "scrambled_round": 2,
  "runtime_sec": 10.71901273727417
}