{
  "r_obs": 24,
  "N": 200,
  "F_base": 163.00580000000005,
  "prefix": {
    "0": {
      "frob_sq": 163.00580000000005,
      "excess": 0.0
    },
    "4": {
      "frob_sq": 164.21015000000006,
      "excess": 1.2043500000000051
    },
    "8": {
      "frob_sq": 164.89987500000007,
      "excess": 1.894075000000015
    },
    "12": {
      "frob_sq": 164.14785000000006,
      "excess": 1.1420500000000118
    },
    "16": {
      "frob_sq": 163.50760000000008,
      "excess": 0.5018000000000313
    },
    "18": {
      "frob_sq": 163.21682500000009,
      "excess": 0.21102500000003488
    },
    "20": {
      "frob_sq": 164.29405000000008,
      "excess": 1.2882500000000334
    },
    "22": {
      "frob_sq": 163.40777500000007,
      "excess": 0.4019750000000215
    },
    "24": {
      "frob_sq": 164.3492750000001,
      "excess": 1.3434750000000406
    }
  },
  "reverse": {
    "0": {
      "frob_sq": 163.00580000000005,
      "excess": 0.0,
      "range": "none"
    },
    "2": {
      "frob_sq": 163.97715000000005,
      "excess": 0.971350000000001,
      "range": "[22,24)"
    },
    "4": {
      "frob_sq": 164.00487500000008,
      "excess": 0.9990750000000332,
      "range": "[20,24)"
    },
    "6": {
      "frob_sq": 164.13200000000006,
      "excess": 1.1262000000000114,
      "range": "[18,24)"
    },
    "8": {
      "frob_sq": 164.19480000000007,
      "excess": 1.1890000000000214,
      "range": "[16,24)"
    },
    "10": {
      "frob_sq": 163.96690000000007,
      "excess": 0.961100000000016,
      "range": "[14,24)"
    },
    "12": {
      "frob_sq": 164.87042500000007,
      "excess": 1.864625000000018,
      "range": "[12,24)"
    },
    "16": {
      "frob_sq": 163.17117500000006,
      "excess": 0.1653750000000116,
      "range": "[8,24)"
    },
    "20": {
      "frob_sq": 162.93957500000005,
      "excess": -0.06622500000000286,
      "range": "[4,24)"
    },
    "24": {
      "frob_sq": 164.3492750000001,
      "excess": 1.3434750000000406,
      "range": "[0,24)"
    }
  },
  "prefix_critical_w": null,
  "reverse_critical_w": null,
  "runtime_sec": 15.02308964729309
}