{
  "N": 200,
  "rounds": [
    1,
    2,
    3,
    4,
    5,
    6,
    8,
    10,
    12,
    16,
    20,
    24
  ],
  "results": {
    "1": {
      "frobenius_sq": 32338.240475,
      "mean_abs": 0.4937712478637695,
      "time": 0.3046901226043701
    },
    "2": {
      "frobenius_sq": 20508.23685,
      "mean_abs": 0.3432737731933594,
      "time": 0.40162181854248047
    },
    "3": {
      "frobenius_sq": 188.50157500000006,
      "mean_abs": 0.02965076446533204,
      "time": 0.5378837585449219
    },
    "4": {
      "frobenius_sq": 163.92732500000005,
      "mean_abs": 0.028174629211425793,
      "time": 0.6974341869354248
    },
    "5": {
      "frobenius_sq": 165.18030000000007,
      "mean_abs": 0.028311004638671887,
      "time": 0.7887866497039795
    },
    "6": {
      "frobenius_sq": 163.36655000000007,
      "mean_abs": 0.02813476562500001,
      "time": 0.9305837154388428
    },
    "8": {
      "frobenius_sq": 164.66665000000006,
      "mean_abs": 0.028206787109375013,
      "time": 1.162050724029541
    },
    "10": {
      "frobenius_sq": 163.59297500000008,
      "mean_abs": 0.028160667419433606,
      "time": 1.4256892204284668
    },
    "12": {
      "frobenius_sq": 162.87815000000006,
      "mean_abs": 0.028101119995117198,
      "time": 1.7145192623138428
    },
    "16": {
      "frobenius_sq": 163.99550000000008,
      "mean_abs": 0.028183746337890635,
      "time": 2.1709418296813965
    },
    "20": {
      "frobenius_sq": 162.95950000000005,
      "mean_abs": 0.028098754882812514,
      "time": 2.7006657123565674
    },
    "24": {
      "frobenius_sq": 164.67487500000004,
      "mean_abs": 0.028242835998535165,
      "time": 3.1797373294830322
    }
  },
  "theoretical_limit": 163.84,
  "scrambled_round": 4,
  "runtime_sec": 16.016773223876953
}