{
  "r_obs": 6,
  "N": 100,
  "F_base": 325.8097,
  "prefix": {
    "0": {
      "frob_sq": 325.8097,
      "excess": 0.0
    },
    "1": {
      "frob_sq": 326.79370000000006,
      "excess": 0.9840000000000373
    },
    "2": {
      "frob_sq": 325.5607,
      "excess": -0.24900000000002365
    },
    "3": {
      "frob_sq": 328.24160000000006,
      "excess": 2.4319000000000415
    },
    "4": {
      "frob_sq": 418.77290000000005,
      "excess": 92.96320000000003
    },
    "5": {
      "frob_sq": 11460.4235,
      "excess": 11134.613800000001
    },
    "6": {
      "frob_sq": 29261.701899999996,
      "excess": 28935.892199999995
    }
  },
  "reverse": {
    "0": {
      "frob_sq": 325.8097,
      "excess": 0.0,
      "range": "none"
    },
    "1": {
      "frob_sq": 328.38480000000004,
      "excess": 2.5751000000000204,
      "range": "[5,6)"
    },
    "2": {
      "frob_sq": 329.71850000000006,
      "excess": 3.908800000000042,
      "range": "[4,6)"
    },
    "3": {
      "frob_sq": 327.5892000000001,
      "excess": 1.7795000000000982,
      "range": "[3,6)"
    },
    "4": {
      "frob_sq": 349.66420000000005,
      "excess": 23.85450000000003,
      "range": "[2,6)"
    },
    "5": {
      "frob_sq": 8869.2295,
      "excess": 8543.4198,
      "range": "[1,6)"
    },
    "6": {
      "frob_sq": 29261.701899999996,
      "excess": 28935.892199999995,
      "range": "[0,6)"
    }
  },
  "prefix_critical_w": 5,
  "reverse_critical_w": 5,
  "runtime_sec": 9.058963775634766
}