{
  "r": 8,
  "otoc_frobenius_sq": 22396.3841,
  "results": {
    "baseline": {
      "hw": 83,
      "n": 20209
    },
    "otoc_top3": {
      "words": [
        "h8",
        "d8",
        "g8"
      ],
      "hw": 83,
      "n": 20085
    },
    "otoc_bottom3": {
      "words": [
        "b8",
        "e8",
        "a8"
      ],
      "hw": 83,
      "n": 20209
    }
  },
  "word_scores": {
    "a": 2386.32505,
    "b": 2636.942425,
    "c": 2893.551525,
    "d": 3148.3965,
    "e": 2449.852475,
    "f": 2704.7954250000003,
    "g": 2961.412625,
    "h": 3215.108075
  },
  "K": 20000000,
  "T": 2000000
}