{
  "N": 200,
  "k_start": 0,
  "widths": [
    0,
    1,
    2,
    3,
    4,
    5,
    6,
    7,
    8,
    9,
    10,
    11,
    12,
    13,
    14,
    15,
    16,
    17,
    18,
    19,
    20,
    21,
    22,
    23,
    24
  ],
  "per_width": {
    "0": {
      "frob_sq": 163.00580000000005,
      "excess": 0.0,
      "range": "none",
      "time": 0.6678719520568848
    },
    "1": {
      "frob_sq": 163.32240000000007,
      "excess": 0.3166000000000224,
      "range": "[0,1)",
      "time": 0.8595869541168213
    },
    "2": {
      "frob_sq": 165.54187500000006,
      "excess": 2.536075000000011,
      "range": "[0,2)",
      "time": 0.9776842594146729
    },
    "3": {
      "frob_sq": 163.54210000000006,
      "excess": 0.5363000000000113,
      "range": "[0,3)",
      "time": 0.6147134304046631
    },
    "4": {
      "frob_sq": 162.91512500000007,
      "excess": -0.09067499999997608,
      "range": "[0,4)",
      "time": 0.8830552101135254
    },
    "5": {
      "frob_sq": 164.84487500000006,
      "excess": 1.8390750000000082,
      "range": "[0,5)",
      "time": 0.5650811195373535
    },
    "6": {
      "frob_sq": 163.78375000000005,
      "excess": 0.7779500000000041,
      "range": "[0,6)",
      "time": 0.531747579574585
    },
    "7": {
      "frob_sq": 163.75820000000007,
      "excess": 0.7524000000000228,
      "range": "[0,7)",
      "time": 0.8815219402313232
    },
    "8": {
      "frob_sq": 164.31307500000008,
      "excess": 1.3072750000000326,
      "range": "[0,8)",
      "time": 0.9022672176361084
    },
    "9": {
      "frob_sq": 163.90717500000005,
      "excess": 0.9013750000000016,
      "range": "[0,9)",
      "time": 0.8936502933502197
    },
    "10": {
      "frob_sq": 163.37187500000007,
      "excess": 0.36607500000002346,
      "range": "[0,10)",
      "time": 0.8076541423797607
    },
    "11": {
      "frob_sq": 162.8838250000001,
      "excess": -0.12197499999996353,
      "range": "[0,11)",
      "time": 0.8205440044403076
    },
    "12": {
      "frob_sq": 164.27775000000008,
      "excess": 1.2719500000000323,
      "range": "[0,12)",
      "time": 0.45307016372680664
    },
    "13": {
      "frob_sq": 162.41025000000008,
      "excess": -0.5955499999999745,
      "range": "[0,13)",
      "time": 0.49706101417541504
    },
    "14": {
      "frob_sq": 164.13497500000005,
      "excess": 1.1291750000000036,
      "range": "[0,14)",
      "time": 0.4458603858947754
    },
    "15": {
      "frob_sq": 164.18365000000006,
      "excess": 1.1778500000000065,
      "range": "[0,15)",
      "time": 0.45241737365722656
    },
    "16": {
      "frob_sq": 164.00742500000007,
      "excess": 1.0016250000000184,
      "range": "[0,16)",
      "time": 0.4373128414154053
    },
    "17": {
      "frob_sq": 165.34730000000008,
      "excess": 2.341500000000025,
      "range": "[0,17)",
      "time": 0.43720364570617676
    },
    "18": {
      "frob_sq": 169.02997500000006,
      "excess": 6.024175000000014,
      "range": "[0,18)",
      "time": 0.6128365993499756
    },
    "19": {
      "frob_sq": 198.07370000000006,
      "excess": 35.06790000000001,
      "range": "[0,19)",
      "time": 0.4440295696258545
    },
    "20": {
      "frob_sq": 470.8314250000001,
      "excess": 307.82562500000006,
      "range": "[0,20)",
      "time": 0.5487213134765625
    },
    "21": {
      "frob_sq": 2748.7455,
      "excess": 2585.7397,
      "range": "[0,21)",
      "time": 0.33562254905700684
    },
    "22": {
      "frob_sq": 4381.451650000001,
      "excess": 4218.445850000001,
      "range": "[0,22)",
      "time": 0.5417284965515137
    },
    "23": {
      "frob_sq": 5396.054875000001,
      "excess": 5233.049075000001,
      "range": "[0,23)",
      "time": 0.34641146659851074
    },
    "24": {
      "frob_sq": 5973.0608,
      "excess": 5810.055,
      "range": "[0,24)",
      "time": 0.34065723419189453
    }
  },
  "runtime_sec": 15.371684312820435
}