{
  "N": 200,
  "baseline_frob_sq": 163.00580000000005,
  "per_round": {
    "0": {
      "frobenius_sq": 163.32240000000007,
      "excess": 0.3166000000000224
    },
    "1": {
      "frobenius_sq": 165.20555000000007,
      "excess": 2.199750000000023
    },
    "2": {
      "frobenius_sq": 163.47567500000008,
      "excess": 0.46987500000003024
    },
    "3": {
      "frobenius_sq": 163.09850000000006,
      "excess": 0.09270000000000778
    },
    "4": {
      "frobenius_sq": 163.7958500000001,
      "excess": 0.7900500000000363
    },
    "5": {
      "frobenius_sq": 163.72890000000007,
      "excess": 0.7231000000000165
    },
    "6": {
      "frobenius_sq": 164.67517500000005,
      "excess": 1.6693750000000023
    },
    "7": {
      "frobenius_sq": 164.78737500000005,
      "excess": 1.7815750000000037
    },
    "8": {
      "frobenius_sq": 164.37260000000006,
      "excess": 1.366800000000012
    },
    "9": {
      "frobenius_sq": 164.16097500000006,
      "excess": 1.155175000000014
    },
    "10": {
      "frobenius_sq": 163.92575000000005,
      "excess": 0.91995
    },
    "11": {
      "frobenius_sq": 163.68085000000008,
      "excess": 0.6750500000000272
    },
    "12": {
      "frobenius_sq": 163.37242500000008,
      "excess": 0.3666250000000275
    },
    "13": {
      "frobenius_sq": 163.82272500000005,
      "excess": 0.8169249999999977
    },
    "14": {
      "frobenius_sq": 164.25725000000006,
      "excess": 1.2514500000000055
    },
    "15": {
      "frobenius_sq": 163.92607500000005,
      "excess": 0.9202750000000037
    },
    "16": {
      "frobenius_sq": 163.87122500000007,
      "excess": 0.8654250000000161
    },
    "17": {
      "frobenius_sq": 164.40712500000006,
      "excess": 1.4013250000000141
    },
    "18": {
      "frobenius_sq": 163.13132500000006,
      "excess": 0.12552500000001032
    },
    "19": {
      "frobenius_sq": 163.69977500000007,
      "excess": 0.6939750000000231
    },
    "20": {
      "frobenius_sq": 165.53602500000005,
      "excess": 2.5302250000000015
    },
    "21": {
      "frobenius_sq": 163.22932500000007,
      "excess": 0.2235250000000235
    },
    "22": {
      "frobenius_sq": 163.77442500000006,
      "excess": 0.7686250000000143
    },
    "23": {
      "frobenius_sq": 163.58810000000005,
      "excess": 0.5823000000000036
    }
  },
  "total_excess": 22.706200000000337,
  "reference_all_sigma_excess": 5827,
  "critical_rounds": [],
  "runtime_sec": 19.540783643722534
}