{
  "fits": {
    "SHA-256": {
      "lambda": 0.206178513873675,
      "A": 74602.12086504714,
      "tau": 4.8501659130819865,
      "scramble_r": 54.418493977934666,
      "pct_total": 85.02889684052292,
      "n_points": 11,
      "total_rounds": 64
    },
    "SHA-3-256": {
      "lambda": 3.5868400173626354,
      "A": 3297223.231217461,
      "tau": 0.2787969341145271,
      "scramble_r": 4.184349219504113,
      "pct_total": 17.43478841460047,
      "n_points": 3,
      "total_rounds": 24
    },
    "BLAKE2b": {
      "lambda": 6.933409257055055,
      "A": 87628284.77531233,
      "tau": 0.14422918984372013,
      "scramble_r": 2.637752036740617,
      "pct_total": 21.981266972838476,
      "n_points": 2,
      "total_rounds": 12
    }
  },
  "ratios_vs_sha256": {
    "SHA-3-256": 17.396769187890655,
    "BLAKE2b": 33.628185240015526
  }
}