{
  "N": 150,
  "rounds": [
    1,
    4,
    8,
    12,
    16,
    20,
    24,
    28,
    32,
    40,
    48,
    64,
    80
  ],
  "results": {
    "1": {
      "frobenius_sq": 130999.74053333333,
      "mean_abs": 0.4998115793863932,
      "time": 0.9654290676116943
    },
    "4": {
      "frobenius_sq": 123683.7288,
      "mean_abs": 0.47628094991048175,
      "time": 1.0365378856658936
    },
    "8": {
      "frobenius_sq": 93518.5880888889,
      "mean_abs": 0.3700775655110677,
      "time": 1.2699320316314697
    },
    "12": {
      "frobenius_sq": 60979.458844444445,
      "mean_abs": 0.2531817626953125,
      "time": 1.4453952312469482
    },
    "16": {
      "frobenius_sq": 28417.88862222222,
      "mean_abs": 0.13627970377604168,
      "time": 1.661491870880127
    },
    "20": {
      "frobenius_sq": 3110.382488888889,
      "mean_abs": 0.04242889404296875,
      "time": 1.831456184387207
    },
    "24": {
      "frobenius_sq": 871.0874666666666,
      "mean_abs": 0.03246978759765625,
      "time": 2.0430800914764404
    },
    "28": {
      "frobenius_sq": 876.2815111111111,
      "mean_abs": 0.03256614685058593,
      "time": 2.2529547214508057
    },
    "32": {
      "frobenius_sq": 875.437911111111,
      "mean_abs": 0.0325546646118164,
      "time": 2.4985272884368896
    },
    "40": {
      "frobenius_sq": 873.7661777777778,
      "mean_abs": 0.03254283905029297,
      "time": 2.863511562347412
    },
    "48": {
      "frobenius_sq": 873.0762222222222,
      "mean_abs": 0.032524553934733066,
      "time": 3.303236722946167
    },
    "64": {
      "frobenius_sq": 876.4696888888889,
      "mean_abs": 0.03258516947428386,
      "time": 4.181722402572632
    },
    "80": {
      "frobenius_sq": 874.6130666666666,
      "mean_abs": 0.0325336201985677,
      "time": 4.707317113876343
    }
  },
  "theoretical_limit": 873.8133333333334,
  "scrambled_round": 24,
  "runtime_sec": 30.068644046783447
}