{
  "N": 130816,
  "rounds": [
    4,
    16,
    24,
    32,
    48,
    64
  ],
  "results": {
    "bit5_max": {
      "4": {
        "omega": 0.9976901917068747,
        "ss": 256
      },
      "16": {
        "omega": 0.9356612840451247,
        "ss": 240
      },
      "24": {
        "omega": 0.0692925097294999,
        "ss": 130
      },
      "32": {
        "omega": 0.04193717448965665,
        "ss": 135
      },
      "48": {
        "omega": 0.10333894422439943,
        "ss": 136
      },
      "64": {
        "omega": 0.14608009034853414,
        "ss": 143
      }
    },
    "bit8_max": {
      "4": {
        "omega": 0.9997704790056134,
        "ss": 256
      },
      "16": {
        "omega": 0.9825348652315261,
        "ss": 238
      },
      "24": {
        "omega": 0.6416889805899141,
        "ss": 192
      },
      "32": {
        "omega": 0.5812627104870646,
        "ss": 176
      },
      "48": {
        "omega": 0.6272644116185977,
        "ss": 183
      },
      "64": {
        "omega": 0.5761902976220917,
        "ss": 175
      }
    },
    "gap_bit8": {
      "4": {
        "omega": 0.9997608380298626,
        "ss": 256
      },
      "16": {
        "omega": 0.9428874932829983,
        "ss": 234
      },
      "24": {
        "omega": 0.5312853912757499,
        "ss": 163
      },
      "32": {
        "omega": 0.599842419957995,
        "ss": 187
      },
      "48": {
        "omega": 0.5920749500556077,
        "ss": 185
      },
      "64": {
        "omega": 0.5706365509438166,
        "ss": 172
      }
    },
    "bit1_min": {
      "4": {
        "omega": 0.11647044496885606,
        "ss": 143
      },
      "16": {
        "omega": 0.1846799829320342,
        "ss": 143
      },
      "24": {
        "omega": 0.491379873006985,
        "ss": 165
      },
      "32": {
        "omega": 0.44916575109293133,
        "ss": 159
      },
      "48": {
        "omega": 0.48458805136351324,
        "ss": 181
      },
      "64": {
        "omega": 0.4232519716932321,
        "ss": 168
      }
    },
    "bit7_max": {
      "4": {
        "omega": 0.9988498204151437,
        "ss": 256
      },
      "16": {
        "omega": 0.9847859954682089,
        "ss": 241
      },
      "24": {
        "omega": 0.2595855304870498,
        "ss": 143
      },
      "32": {
        "omega": 0.3603897876423683,
        "ss": 161
      },
      "48": {
        "omega": 0.2774423734271013,
        "ss": 157
      },
      "64": {
        "omega": 0.31660183531307984,
        "ss": 146
      }
    },
    "bit8_min": {
      "4": {
        "omega": 0.9476004664723607,
        "ss": 256
      },
      "16": {
        "omega": -0.9072783101077494,
        "ss": 23
      },
      "24": {
        "omega": 0.217665218753325,
        "ss": 124
      },
      "32": {
        "omega": 0.23848319526406175,
        "ss": 148
      },
      "48": {
        "omega": 0.18546651544713272,
        "ss": 153
      },
      "64": {
        "omega": 0.12177163145090544,
        "ss": 141
      }
    }
  },
  "ro_null": {
    "mean": 0.05258854733814763,
    "std": 0.07372026448356418,
    "omegas": [
      0.1510244671235862,
      -0.0029098900571804145,
      0.06290615576648997,
      -0.009056618591587885,
      -0.018764393704716668,
      -0.059527310494425965,
      0.07413797478839784,
      0.12073983379923785,
      0.149751691316083,
      0.05758356343559238
    ]
  },
  "distinguishers_at_r64": [
    {
      "feature": "bit8_max",
      "omega": 0.5761902976220917,
      "z_vs_ro": 7.102548450578067
    },
    {
      "feature": "gap_bit8",
      "omega": 0.5706365509438166,
      "z_vs_ro": 7.0272130361274945
    },
    {
      "feature": "bit1_min",
      "omega": 0.4232519716932321,
      "z_vs_ro": 5.027971982353961
    },
    {
      "feature": "bit7_max",
      "omega": 0.31660183531307984,
      "z_vs_ro": 3.5812851435685444
    }
  ],
  "runtime_sec": 363.0924141407013
}