{
  "N": 130816,
  "K": 271,
  "sha_alignment_5x5": [
    [
      0.8089274764060974,
      0.5516715049743652,
      0.01051701232790947,
      0.0013138018548488617,
      0.005543438717722893
    ],
    [
      0.41961291432380676,
      0.5641002655029297,
      0.027247371152043343,
      0.10951706767082214,
      0.01865478977560997
    ],
    [
      0.07017425447702408,
      0.08037275075912476,
      0.15991106629371643,
      0.16890232264995575,
      0.329642653465271
    ],
    [
      0.09630437195301056,
      0.12152619659900665,
      0.26475438475608826,
      0.031350694596767426,
      0.057967979460954666
    ],
    [
      0.0376519039273262,
      0.09445858001708984,
      0.22787249088287354,
      0.0259108729660511,
      0.35196447372436523
    ]
  ],
  "ro_alignments_5x5": [
    [
      [
        0.833625078201294,
        0.5140044689178467,
        0.0325876884162426,
        0.007667675614356995,
        0.03591448813676834
      ],
      [
        0.2821388244628906,
        0.43251633644104004,
        0.4406646192073822,
        0.10748255997896194,
        0.03324182704091072
      ],
      [
        0.18952520191669464,
        0.23766902089118958,
        0.34067797660827637,
        0.2643565535545349,
        0.18664199113845825
      ],
      [
        0.1259443461894989,
        0.23251530528068542,
        0.20693856477737427,
        0.020253457129001617,
        0.17696261405944824
      ],
      [
        0.18380162119865417,
        0.24383190274238586,
        0.20455746352672577,
        0.29307690262794495,
        0.210821270942688
      ]
    ],
    [
      [
        0.8339371681213379,
        0.504276692867279,
        0.04691218212246895,
        0.024191388860344887,
        0.0014574695378541946
      ],
      [
        0.009000934660434723,
        0.0005574803799390793,
        0.38253840804100037,
        0.31821978092193604,
        0.2749885022640228
      ],
      [
        0.009181750938296318,
        0.040423791855573654,
        0.13887380063533783,
        0.11554912477731705,
        0.0743604525923729
      ],
      [
        0.34709838032722473,
        0.5292283296585083,
        0.20708821713924408,
        0.04987301677465439,
        0.07927753031253815
      ],
      [
        0.1176084652543068,
        0.12264678627252579,
        0.11646127700805664,
        0.35551056265830994,
        0.3358948230743408
      ]
    ],
    [
      [
        0.8025575876235962,
        0.5523309111595154,
        0.011525636538863182,
        0.04015854001045227,
        0.014076443389058113
      ],
      [
        0.3415398597717285,
        0.4932592511177063,
        0.18108372390270233,
        0.07750778645277023,
        0.23460277915000916
      ],
      [
        0.1512022465467453,
        0.240351140499115,
        0.30139514803886414,
        0.14095757901668549,
        0.03780330717563629
      ],
      [
        0.1433342695236206,
        0.07676389813423157,
        0.03259677439928055,
        0.35492488741874695,
        0.14517347514629364
      ],
      [
        0.13469287753105164,
        0.16546452045440674,
        0.04384230449795723,
        0.12398943305015564,
        0.16704384982585907
      ]
    ],
    [
      [
        0.8320817947387695,
        0.5068138837814331,
        0.00579957477748394,
        0.02867746725678444,
        0.04818159341812134
      ],
      [
        0.35394200682640076,
        0.43047335743904114,
        0.07221874594688416,
        0.16035568714141846,
        0.16439813375473022
      ],
      [
        0.08311368525028229,
        0.1574651300907135,
        0.09127771854400635,
        0.23635825514793396,
        0.06583281606435776
      ],
      [
        0.1333625316619873,
        0.1895870566368103,
        0.008550431579351425,
        0.08403602987527847,
        0.047636479139328
      ],
      [
        0.23176740109920502,
        0.36940300464630127,
        0.22701004147529602,
        0.152809739112854,
        0.03181043267250061
      ]
    ],
    [
      [
        0.7874819040298462,
        0.5742448568344116,
        0.017023196443915367,
        0.044094204902648926,
        0.03879484534263611
      ],
      [
        0.18200524151325226,
        0.2930111289024353,
        0.37093010544776917,
        0.27125900983810425,
        0.029745634645223618
      ],
      [
        0.16191133856773376,
        0.19626082479953766,
        0.18480315804481506,
        0.2895715534687042,
        0.07572299242019653
      ],
      [
        0.28628113865852356,
        0.3462918996810913,
        0.21418477594852448,
        0.12630632519721985,
        0.023066408932209015
      ],
      [
        0.15394166111946106,
        0.20086738467216492,
        0.15171727538108826,
        0.2799045741558075,
        0.20956069231033325
      ]
    ]
  ],
  "sha_d1_c1": 0.8089274764060974,
  "ro_d1_c1_values": [
    0.833625078201294,
    0.8339371681213379,
    0.8025575876235962,
    0.8320817947387695,
    0.7874819040298462
  ],
  "ro_d1_c1_mean": 0.8179367184638977,
  "ro_d1_c1_max": 0.8339371681213379,
  "runtime_sec": 94.03697609901428
}