{
  "N": 130816,
  "K_features": 271,
  "sha": {
    "singular_values_D": [
      102.32295227050781,
      46.246116638183594,
      44.04881286621094,
      42.555633544921875,
      41.62917709350586,
      40.89999771118164,
      39.3995246887207,
      39.281978607177734,
      36.91015625,
      36.37055587768555,
      35.43038558959961,
      35.1317024230957,
      33.06058883666992,
      31.5429744720459,
      31.081771850585938,
      30.65283966064453,
      29.974544525146484,
      29.497079849243164,
      28.573749542236328,
      28.350582122802734,
      27.70174789428711,
      27.60821533203125,
      26.475902557373047,
      26.167255401611328,
      25.729694366455078,
      25.485576629638672,
      25.348522186279297,
      24.716625213623047,
      24.423179626464844,
      24.005474090576172
    ],
    "singular_values_C": [
      262954.3125,
      654.6624145507812,
      424.9636535644531,
      400.73992919921875,
      363.4709167480469,
      344.66033935546875,
      318.0710144042969,
      316.2170715332031,
      280.025146484375,
      178.0684356689453,
      176.09910583496094,
      170.62261962890625,
      167.83914184570312,
      165.44456481933594,
      158.80477905273438,
      153.7007293701172,
      149.24844360351562,
      143.1941680908203,
      142.54818725585938,
      137.6002197265625,
      134.50135803222656,
      128.69119262695312,
      125.64521789550781,
      114.55789947509766,
      113.86407470703125,
      111.37474060058594,
      109.74270629882812,
      98.46025085449219,
      82.2798843383789,
      60.90079116821289
    ],
    "rank_95_D": 103,
    "rank_99_D": 135
  },
  "ro": {
    "singular_values_D": [
      105.91524505615234,
      48.10843276977539,
      45.59878158569336,
      44.20555114746094,
      43.06669998168945,
      42.80219268798828,
      41.72703170776367,
      39.945457458496094,
      38.991085052490234,
      37.5947265625,
      36.2611198425293,
      34.345916748046875,
      34.05043029785156,
      32.88190460205078,
      32.47624969482422,
      31.301820755004883,
      30.59869956970215,
      29.656282424926758,
      28.89876937866211,
      28.55292320251465,
      28.249576568603516,
      27.697755813598633,
      27.386695861816406,
      27.016921997070312,
      26.262615203857422,
      25.624109268188477,
      25.33652114868164,
      25.16935920715332,
      24.600379943847656,
      24.323780059814453
    ],
    "singular_values_C": [
      279268.34375,
      578.8779296875,
      432.932861328125,
      423.5103759765625,
      415.6710510253906,
      374.9519958496094,
      337.4689025878906,
      323.3431701660156,
      284.7021179199219,
      176.7129669189453,
      169.60995483398438,
      165.81576538085938,
      163.3056182861328,
      161.80953979492188,
      155.26336669921875,
      149.2638702392578,
      146.4954071044922,
      141.7333984375,
      140.02685546875,
      136.6826171875,
      132.14395141601562,
      126.55274200439453,
      122.51065826416016,
      122.02351379394531,
      116.09627532958984,
      110.6068344116211,
      105.09869384765625,
      89.2308578491211,
      79.10626220703125,
      69.84777069091797
    ],
    "rank_95_D": 102,
    "rank_99_D": 135
  },
  "top_features_omega_pc_proj": [
    {
      "name": "min_gt_64",
      "omega": 0.814088348906968,
      "pc_projection": [
        -8.828548431396484,
        8.195963859558105,
        -0.41209524869918823
      ]
    },
    {
      "name": "min_in_word2",
      "omega": 0.8101843224409992,
      "pc_projection": [
        11.269594192504883,
        -2.197298288345337,
        1.1983916759490967
      ]
    },
    {
      "name": "min_in_word1",
      "omega": 0.8024915513804296,
      "pc_projection": [
        12.50158977508545,
        -1.8969300985336304,
        1.2581641674041748
      ]
    },
    {
      "name": "max_in_word0",
      "omega": 0.8011735241299387,
      "pc_projection": [
        15.280592918395996,
        0.09033946692943573,
        -0.037602007389068604
      ]
    },
    {
      "name": "max_gt_32",
      "omega": 0.8011170845516836,
      "pc_projection": [
        -15.257887840270996,
        -0.07993780076503754,
        0.05478012561798096
      ]
    },
    {
      "name": "max_gt_16",
      "omega": 0.8009373074769541,
      "pc_projection": [
        -15.366432189941406,
        -0.29913419485092163,
        -0.013731062412261963
      ]
    },
    {
      "name": "min_gt_4",
      "omega": 0.7966364687391413,
      "pc_projection": [
        -14.884502410888672,
        0.6993937492370605,
        0.33564096689224243
      ]
    },
    {
      "name": "max_in_word2",
      "omega": 0.7960071182160572,
      "pc_projection": [
        15.224530220031738,
        -0.010061606764793396,
        -0.34844356775283813
      ]
    },
    {
      "name": "max_in_word4",
      "omega": 0.785451880258287,
      "pc_projection": [
        14.441461563110352,
        -0.7045872807502747,
        -1.2062833309173584
      ]
    },
    {
      "name": "max_in_word1",
      "omega": 0.7843971627471794,
      "pc_projection": [
        15.113445281982422,
        0.5718269944190979,
        -0.007715821266174316
      ]
    }
  ],
  "d_c_alignment_5x5": [
    [
      0.8089274764060974,
      0.5516715049743652,
      0.01051701232790947,
      0.0013138018548488617,
      0.005543438717722893
    ],
    [
      0.41961291432380676,
      0.5641002655029297,
      0.027247371152043343,
      0.10951706767082214,
      0.01865478977560997
    ],
    [
      0.07017425447702408,
      0.08037275075912476,
      0.15991106629371643,
      0.16890232264995575,
      0.329642653465271
    ],
    [
      0.09630437195301056,
      0.12152619659900665,
      0.26475438475608826,
      0.031350694596767426,
      0.057967979460954666
    ],
    [
      0.0376519039273262,
      0.09445858001708984,
      0.22787249088287354,
      0.0259108729660511,
      0.35196447372436523
    ]
  ],
  "runtime_sec": 50.95920181274414
}