{
  "N": 130816,
  "K_features": 271,
  "sha_omegas": {
    "bit0_max": 0.024739142341027663,
    "bit0_min": 0.2696734743754434,
    "bit0_xor": 0.020138053750458518,
    "bit0_and": 0.4299577256377659,
    "bit0_or": 0.4119808451557332,
    "bit0_sum": 0.020138053750458518,
    "bit0_diff": 0.020138053750458518,
    "bit0_gap": 0.020138053750458518,
    "bit1_max": -0.12025042076835106,
    "bit1_min": 0.4232519716932321,
    "bit1_xor": -0.13279083307863088,
    "bit1_and": 0.42079321430271466,
    "bit1_or": 0.24159799425273806,
    "bit1_sum": 0.09590415489243814,
    "bit1_diff": 0.06971663217650971,
    "bit1_gap": 0.06971663217650971,
    "bit2_max": 0.11772876206144953,
    "bit2_min": 0.2628739038750213,
    "bit2_xor": 0.03751402039003266,
    "bit2_and": 0.4001211297595012,
    "bit2_or": 0.4491406388675755,
    "bit2_sum": 0.00948056102988598,
    "bit2_diff": 0.08552341656107017,
    "bit2_gap": 0.08552341656107017,
    "bit3_max": 0.09976633815326864,
    "bit3_min": 0.1502788897746413,
    "bit3_xor": 0.08363411802980592,
    "bit3_and": 0.37298223571894024,
    "bit3_or": 0.4832852054868414,
    "bit3_sum": 0.04504013623914251,
    "bit3_diff": 0.057320929832260704,
    "bit3_gap": 0.057320929832260704,
    "bit4_max": 0.08326717332062732,
    "bit4_min": 0.032275879840689865,
    "bit4_xor": 0.12433453969230347,
    "bit4_and": 0.3870026237202298,
    "bit4_or": 0.46145967070137994,
    "bit4_sum": 0.12100103197480358,
    "bit4_diff": -0.09752044184827097,
    "bit4_gap": -0.09752044184827097,
    "bit5_max": 0.14608009034853414,
    "bit5_min": 0.0981763489524285,
    "bit5_xor": 0.003023117997314251,
    "bit5_and": 0.29540132145779696,
    "bit5_or": 0.4776244825109375,
    "bit5_sum": 0.03469331571323232,
    "bit5_diff": 0.11058497725408867,
    "bit5_gap": 0.11058497725408867,
    "bit6_max": 0.07518648965691148,
    "bit6_min": 0.06813401995101838,
    "bit6_xor": 0.009815718268088516,
    "bit6_and": 0.36644676567615414,
    "bit6_or": 0.4444609703869967,
    "bit6_sum": -0.07322279670452735,
    "bit6_diff": 0.15632176907402823,
    "bit6_gap": 0.15632176907402823,
    "bit7_max": 0.31660183531307984,
    "bit7_min": 0.143168034883917,
    "bit7_xor": 0.1726530053471186,
    "bit7_and": 0.09194505372586652,
    "bit7_or": 0.5598034889986845,
    "bit7_sum": 0.02733079874748483,
    "bit7_diff": 0.32869852692433,
    "bit7_gap": 0.32869852692433,
    "bit8_max": 0.5761902976220917,
    "bit8_min": 0.12177163145090544,
    "bit8_xor": 0.135376697868038,
    "bit8_and": 0.12177163145090544,
    "bit8_or": 0.5761902976220917,
    "bit8_sum": 0.008306897715680597,
    "bit8_diff": 0.5706365509438166,
    "bit8_gap": 0.5706365509438166,
    "maxbit0xor1": -0.028411444583598535,
    "maxbit0xor2": -0.04390679188492058,
    "maxbit0xor3": -0.10199076896454545,
    "maxbit0xor4": 0.040786872169466144,
    "maxbit0xor5": -0.05494962154013735,
    "maxbit0xor6": 0.0754775307793114,
    "maxbit0xor7": 0.07289115542751697,
    "maxbit0xor8": -0.003122381724280509,
    "maxbit1xor2": -0.06462266676980283,
    "maxbit1xor3": 0.022475080219535922,
    "maxbit1xor4": 0.09231788473664167,
    "maxbit1xor5": -0.10916472263683753,
    "maxbit1xor6": 0.035741530723156306,
    "maxbit1xor7": -0.024842072264924568,
    "maxbit1xor8": -0.132667864177973,
    "maxbit2xor3": 0.03376790773645053,
    "maxbit2xor4": -0.07756126405217958,
    "maxbit2xor5": -0.0491188209651272,
    "maxbit2xor6": 0.03385778454977349,
    "maxbit2xor7": -0.021658171050196386,
    "maxbit2xor8": 0.048274592662164134,
    "maxbit3xor4": 0.02493500569169452,
    "maxbit3xor5": 0.06564643334124455,
    "maxbit3xor6": -0.0066509129795650065,
    "maxbit3xor7": 0.1286597635115735,
    "maxbit3xor8": 0.07690387579976085,
    "maxbit4xor5": 0.05531354258026434,
    "maxbit4xor6": 0.02598068248958184,
    "maxbit4xor7": -0.11583407550886414,
    "maxbit4xor8": 0.04273977081415436,
    "maxbit5xor6": -0.028659373655519915,
    "maxbit5xor7": 0.01811956761611602,
    "maxbit5xor8": 0.0949337732157018,
    "maxbit6xor7": -0.04821794804072507,
    "maxbit6xor8": -0.011168213623713143,
    "maxbit7xor8": 0.1189580806301877,
    "minbit0xor1": 0.4738543356905095,
    "minbit0xor2": 0.5316711848054242,
    "minbit0xor3": 0.5905517280239373,
    "minbit0xor4": 0.5898668806248994,
    "minbit0xor5": 0.40898864595210394,
    "minbit0xor6": 0.28878063150382816,
    "minbit0xor7": 0.3242027934810482,
    "minbit0xor8": 0.31805173812313176,
    "minbit1xor2": 0.5505230141257746,
    "minbit1xor3": 0.4506988583331147,
    "minbit1xor4": 0.6849763157822554,
    "minbit1xor5": 0.6296596515996444,
    "minbit1xor6": 0.3582945102269187,
    "minbit1xor7": 0.35135364823187154,
    "minbit1xor8": 0.3670240521518596,
    "minbit2xor3": 0.4533803953555135,
    "minbit2xor4": 0.4669659656082539,
    "minbit2xor5": 0.4716826183950268,
    "minbit2xor6": 0.4888061287825936,
    "minbit2xor7": 0.5373761124580996,
    "minbit2xor8": 0.6018284773655485,
    "minbit3xor4": 0.5296996216330585,
    "minbit3xor5": 0.5850266492033295,
    "minbit3xor6": 0.5484449257306143,
    "minbit3xor7": 0.44336296104334433,
    "minbit3xor8": 0.5388811129330557,
    "minbit4xor5": 0.3628646133385402,
    "minbit4xor6": 0.2693203405938131,
    "minbit4xor7": 0.2701375278610681,
    "minbit4xor8": 0.311093374962077,
    "minbit5xor6": 0.03443034427674853,
    "minbit5xor7": 0.045606529283219656,
    "minbit5xor8": 0.11100875179261642,
    "minbit6xor7": 0.1936266437401288,
    "minbit6xor8": 0.11906087269003737,
    "minbit7xor8": 0.461224457039624,
    "xorbit0xor1": -0.028172903310381973,
    "xorbit0xor2": -0.07705906483062243,
    "xorbit0xor3": -0.05334586317458495,
    "xorbit0xor4": 0.02814708958210995,
    "xorbit0xor5": 0.005627525474666844,
    "xorbit0xor6": 0.008943905612643608,
    "xorbit0xor7": -0.04387595502508541,
    "xorbit0xor8": -0.0415990112818061,
    "xorbit1xor2": 0.03820332562995589,
    "xorbit1xor3": -0.09614332858685573,
    "xorbit1xor4": 0.014590191463998653,
    "xorbit1xor5": 0.06038273054690101,
    "xorbit1xor6": 0.01399967542425665,
    "xorbit1xor7": -0.013795448310602606,
    "xorbit1xor8": 0.0031316015161920395,
    "xorbit2xor3": 0.056855057970382525,
    "xorbit2xor4": 0.020689654993571387,
    "xorbit2xor5": 0.04479942373686145,
    "xorbit2xor6": 0.0381335740695679,
    "xorbit2xor7": 0.09339518488713155,
    "xorbit2xor8": 0.0343624670623079,
    "xorbit3xor4": 0.04946717655654713,
    "xorbit3xor5": -0.02231402403423327,
    "xorbit3xor6": 0.07644139432741731,
    "xorbit3xor7": 0.006399894883224572,
    "xorbit3xor8": 0.08101094812322443,
    "xorbit4xor5": 0.04833553452993068,
    "xorbit4xor6": 0.08448628912048337,
    "xorbit4xor7": -0.027487902241571684,
    "xorbit4xor8": -0.007696692161534147,
    "xorbit5xor6": -0.05289101822808044,
    "xorbit5xor7": 0.069174248513479,
    "xorbit5xor8": -0.06278547315781938,
    "xorbit6xor7": 0.09193158317094938,
    "xorbit6xor8": 0.055029688098647646,
    "xorbit7xor8": -0.01149847145973847,
    "max_mod8_bit0": 0.024739142341027663,
    "min_mod8_bit0": 0.2696734743754434,
    "max_mod8_bit1": -0.12025042076835106,
    "min_mod8_bit1": 0.4232519716932321,
    "max_mod8_bit2": 0.11772876206144953,
    "min_mod8_bit2": 0.2628739038750213,
    "max_mod16_bit0": 0.024739142341027663,
    "min_mod16_bit0": 0.2696734743754434,
    "max_mod16_bit1": -0.12025042076835106,
    "min_mod16_bit1": 0.4232519716932321,
    "max_mod16_bit2": 0.11772876206144953,
    "min_mod16_bit2": 0.2628739038750213,
    "max_mod16_bit3": 0.09976633815326864,
    "min_mod16_bit3": 0.1502788897746413,
    "max_mod32_bit0": 0.024739142341027663,
    "min_mod32_bit0": 0.2696734743754434,
    "max_mod32_bit1": -0.12025042076835106,
    "min_mod32_bit1": 0.4232519716932321,
    "max_mod32_bit2": 0.11772876206144953,
    "min_mod32_bit2": 0.2628739038750213,
    "max_mod32_bit3": 0.09976633815326864,
    "min_mod32_bit3": 0.1502788897746413,