{
  "N": 130816,
  "sha_omega": 0.1904538309306624,
  "sha_same_sign": 143,
  "ro_omegas": [
    0.14503203807174284,
    0.12195647377186714,
    0.23723610337872622,
    0.12664905364667578,
    0.06665453807433075,
    0.16263905833690073,
    0.2283835470452625,
    0.2041410832247052,
    0.25860994879350213,
    0.19251255206670334
  ],
  "ro_same_signs": [
    131,
    146,
    153,
    139,
    134,
    141,
    144,
    139,
    145,
    139
  ],
  "ro_omega_mean": 0.17438143964104164,
  "ro_omega_std": 0.06037555214117904,
  "ro_same_sign_mean": 141.1,
  "z_score": 0.2662069450236732,
  "runtime_sec": 42.66872429847717
}