{
  "N": 130816,
  "sha_omega": 0.9985992658812411,
  "ro_omegas": [
    0.9985698514918588,
    0.998591156374211,
    0.9984316165449274,
    0.9982796091171018,
    0.9983301466272428,
    0.9983669568214166,
    0.9984636613468291,
    0.9984556978960623,
    0.9985247808676706,
    0.9985296401680764
  ],
  "ro_mean": 0.9984543117255397,
  "ro_std": 0.00010375689007009768,
  "ro_max_abs": 0.998591156374211,
  "z_score": 1.397055709780351,
  "runtime_sec": 69.08952951431274
}