{
  "N": 130816,
  "primary_seed": "min_gt_64",
  "optimal_omega_3": 0.99860169289757,
  "z_vs_ro": 12.778401255372566,
  "decomposition": {
    "r2": 0.0006972551345825195,
    "coeffs": {
      "min_word1": -0.0323621965944767,
      "min_word0": -0.03058551251888275,
      "min_word2": -0.029569895938038826,
      "max_word0": -0.023244090378284454,
      "max_word8": -0.021884381771087646,
      "min_word11": -0.021437451243400574,
      "max_word15": -0.021101435646414757,
      "max_word7": -0.020985130220651627,
      "min_word3": -0.02094453014433384,
      "min_word7": -0.020921392366290092,
      "max_word10": -0.020681900903582573,
      "max_word14": -0.02065279334783554,
      "min_word12": -0.02056155726313591,
      "max_word2": -0.0200197696685791,
      "max_word12": -0.019842427223920822,
      "max_word4": -0.019125396385788918,
      "max_word9": -0.01895730197429657,
      "min_word4": -0.018956242129206657,
      "max_word11": -0.01889924518764019,
      "min_word9": -0.018710363656282425
    }
  },
  "secondary_seeds": {
    "max_in_word0": 0.9986009219930688,
    "max_gt_32": 0.9986009219930688,
    "bit8_max": 0.9985995616823764,
    "bit5_max": 0.9985992658812411
  },
  "runtime_sec": 47.5857834815979
}