{
  "meta": {
    "N": 130816,
    "k_list": [
      8,
      12,
      16,
      20
    ],
    "R": 200,
    "seed": 8571976398
  },
  "sets": {
    "A_low_hw_w2": {
      "gen_time": 0.06029701232910156,
      "sha_time": 0.12005114555358887,
      "ro_time": 30.0490083694458,
      "k=8": {
        "sha_chi2": 226.83365949119374,
        "ro_mean": 255.87634050880624,
        "ro_std": 23.15038352690489,
        "z": -1.254522672760894,
        "p_two_sided": 0.23383084577114427
      },
      "k=12": {
        "sha_chi2": 3871.5616438356165,
        "ro_mean": 4101.8949510763205,
        "ro_std": 89.75233545751875,
        "z": -2.566321044088313,
        "p_two_sided": 0.009950248756218905
      },
      "k=16": {
        "sha_chi2": 65052.55577299413,
        "ro_mean": 65546.02958904109,
        "ro_std": 358.8970512679963,
        "z": -1.3749731693350595,
        "p_two_sided": 0.14925373134328357
      },
      "k=20": {
        "sha_chi2": 1049377.0645792563,
        "ro_mean": 1048523.5575733855,
        "ro_std": 1424.1472813316,
        "z": 0.5993109119112775,
        "p_two_sided": 0.5771144278606966
      }
    },
    "B_counter": {
      "gen_time": 0.027543306350708008,
      "sha_time": 0.11717653274536133,
      "ro_time": 29.451550722122192,
      "k=8": {
        "sha_chi2": 270.6262230919765,
        "ro_mean": 251.77645792563598,
        "ro_std": 21.1765264209073,
        "z": 0.8901254526677423,
        "p_two_sided": 0.38308457711442784
      },
      "k=12": {
        "sha_chi2": 4013.526418786693,
        "ro_mean": 4094.941056751468,
        "ro_std": 85.73685803417621,
        "z": -0.9495873750391193,
        "p_two_sided": 0.32338308457711445
      },
      "k=16": {
        "sha_chi2": 65526.48140900196,
        "ro_mean": 65562.76727984345,
        "ro_std": 351.16565467346095,
        "z": -0.1033297828491642,
        "p_two_sided": 0.9502487562189055
      },
      "k=20": {
        "sha_chi2": 1046571.5851272015,
        "ro_mean": 1048540.9515459883,
        "ro_std": 1387.9150903890484,
        "z": -1.4189386889905324,
        "p_two_sided": 0.15920398009950248
      }
    },
    "C_ascii": {
      "gen_time": 0.7041826248168945,
      "sha_time": 0.10746526718139648,
      "ro_time": 29.02561926841736,
      "k=8": {
        "sha_chi2": 237.84735812133073,
        "ro_mean": 253.17101761252448,
        "ro_std": 22.306713146889468,
        "z": -0.6869528195520164,
        "p_two_sided": 0.5074626865671642
      },
      "k=12": {
        "sha_chi2": 3880.9549902152644,
        "ro_mean": 4100.242661448141,
        "ro_std": 94.43599017145917,
        "z": -2.3220773227954212,
        "p_two_sided": 0.024875621890547265
      },
      "k=16": {
        "sha_chi2": 64653.77690802349,
        "ro_mean": 65571.45925636009,
        "ro_std": 363.3050785169432,
        "z": -2.5259276641072477,
        "p_two_sided": 0.01990049751243781
      },
      "k=20": {
        "sha_chi2": 1048944.2191780822,
        "ro_mean": 1048506.6445401174,
        "ro_std": 1455.0770022367556,
        "z": 0.3007226677984673,
        "p_two_sided": 0.7761194029850746
      }
    },
    "D_low_hw_w3_sub": {
      "gen_time": 0.48962974548339844,
      "sha_time": 0.14093446731567383,
      "ro_time": 30.51200580596924,
      "k=8": {
        "sha_chi2": 275.13502935420746,
        "ro_mean": 252.91254403131114,
        "ro_std": 22.934582641623408,
        "z": 0.9689509362409446,
        "p_two_sided": 0.3482587064676617
      },
      "k=12": {
        "sha_chi2": 3984.344422700587,
        "ro_mean": 4093.8714677103712,
        "ro_std": 84.59667372631542,
        "z": -1.2946968265457188,
        "p_two_sided": 0.19900497512437812
      },
      "k=16": {
        "sha_chi2": 65570.56751467711,
        "ro_mean": 65541.1350293542,
        "ro_std": 357.930232932579,
        "z": 0.0822296710779627,
        "p_two_sided": 0.9154228855721394
      },
      "k=20": {
        "sha_chi2": 1050258.7866927593,
        "ro_mean": 1048462.2378082192,
        "ro_std": 1324.0345928841293,
        "z": 1.3568745818239507,
        "p_two_sided": 0.19402985074626866
      }
    },
    "E_uniform": {
      "gen_time": 0.04810929298400879,
      "sha_time": 0.13662242889404297,
      "ro_time": 29.09095549583435,
      "k=8": {
        "sha_chi2": 270.3483365949119,
        "ro_mean": 256.41045009784733,
        "ro_std": 23.810006588775757,
        "z": 0.585379363298246,
        "p_two_sided": 0.5422885572139303
      },
      "k=12": {
        "sha_chi2": 4076.211350293542,
        "ro_mean": 4103.827162426614,
        "ro_std": 86.01461495162528,
        "z": -0.3210595332967942,
        "p_two_sided": 0.7313432835820896
      },
      "k=16": {
        "sha_chi2": 65452.33659491194,
        "ro_mean": 65535.62426614482,
        "ro_std": 331.0524882812176,
        "z": -0.25158448941223427,
        "p_two_sided": 0.7611940298507462
      },
      "k=20": {
        "sha_chi2": 1047004.4305283758,
        "ro_mean": 1048558.7463013696,
        "ro_std": 1551.9486064414396,
        "z": -1.0015252866896331,
        "p_two_sided": 0.3034825870646766
      }
    }
  }
}